bangla_speech_word,bangla_speech_ipa,barishal_word,barishal_ipa,sylhet_word,sylhet_ipa,mymensingh_word,mymensingh_ipa,noakhali_word,noakhali_ipa,chittagong_word,chittagong_ipa,english_translation,PIE_root,PIE_gloss
অনলাইনে,on̪l̪ain̪e,অনলাইনে,ɔnɔlɐ͡ɪ̯ne,অনলাইনো,ɔnɔlɐ͡ɪ̯no,অনলাইনে,ɔnɔlɐ͡ɪ̯ne,অনলাইনে,ɔnɔlɐ͡ɪ̯ne,অনলাইনত,ɔnɔlɐ͡ɪ̯nɔt̪o,Online,"e-neu̯en, neu̯n̥, enu̯n̥",nine
অন্ধকার,on̪d̪̤ɔkar,আন্ধার,ɐnd̪ʱɐɾ,আইন্দার,ɐ͡ɪ̯nd̪ɐɾ,অন্ধকার,ɔnd̪ʱokɐɾ,আন্ধকার,ɐnd̪ʱokɐɾ,অন্ধকার,ɔnd̪ʱokɐɾ,Dark,ku̯sep-,dark
অন্ধকার,on̪d̪̤ɔkarɔ,আন্ধার,ɐnd̪ʱɐɾ,ভিতরটা,bʱɪt̪ɔɾtɐ,অন্ধকার,ɔnd̪ʱokɐɾ,ভিতরকান,bʱɪt̪ɔɾkɐn,বাড়ির,bɐɽɪɾ,Dark,ku̯sep-,dark
অন্যতম,on̪d͡zɔt̪ɔmɔ,অন্যতম,ɔnnot̪ɔmo,হফরি,hofoɾɪ,অন্যতম,ɔnnot̪ɔmo,অন্যতম,ɔnnot̪ɔmo,অন্যতম,ɔnnot̪ɔmo,One,ast(h)-,bone
অন্যদের,on̪d͡zɔd̪erɔ,অন্যগো,ɔnnogo,বুঝিয়া,buɟʱɪʲɐ,অন্যরারে,ɔnnoɾɐɾe,অন্যগো,ɔnnogo,আন্যদের,ɐnnod̪eɾ,Others,mātér-,mother
অপর,opɔrɔ,আরেক,ɐɾek,আরেক,ɐɾek,অপর,ɔpɔɾ,অফর,ɔpʰɔɾ,আরেক,ɐɾek,Other,mātér-,mother
অবস্থায়,obɔs̪t̪ʰae̯ɔ,অবস্থায়,ɔbost̪ʰɐe̯,অবস্থাত,ɔbost̪ʰɐt̪,অবস্থায়,ɔbost̪ʰɐe̯,অবস্তাত,ɔbost̪ɐt̪,সময়,ʃɔmɔe̯,Under,"n̥dhos, n̥dheri",under
অর্থ,ort̪ʰɔ,মানে,mɐne,অর্থ,ɔɾt̪ʰo,অর্থ,ɔɾt̪ʰo,প্রেম,pɾem,মানে,mɐne,Money,"meli-t, genitive mel-nés",honey
অল্প,ol̪pɔ,এট্টুহানে,ettuhɐne,বাক্কা,bɐkkɐ,অল্প,ɔlpo,অল্ফ,ɔlpʰ,অল্ফ,ɔlf,Small,ghom-,stall
অল্পবয়সী,ol̪pɔbe̯ɔs̪i,‍কমবয়সী,‍komobɔʲoʃɪ,অল্প,ɔlpo,কম,kɔm,কম,kɔm,আল্ফবয়স্যা,ɐlfɔbɔʲoʃʃɐ,Young,3 i̯eu-,young
আগুন,aɡun̪ɔ,আগুন,ɐgun,আগুন,ɐgun,আগুন,ɐgun,আগুন,ɐgun,অন,ɔn,Fire,āt(e)r-,fire
চাইছে,t͡ɕait͡ɕʰe,চাইছে,cɐ͡ɪ̯cʰe,চাইছিল,cɐ͡ɪ̯cʰɪlo,চাইসে,cɐ͡ɪ̯ʃe,চাইছে,cɐ͡ɪ̯cʰe,সাইয়ে,ʃɐ͡ɪ̯ʲe,Wanting,*dəg̑h-mó-,slanting
চাইত,t͡ɕait̪ɔ,চাইতে,cɐ͡ɪ̯t̪e,চাইতা,cɐ͡ɪ̯t̪ɐ,চাইত,cɐ͡ɪ̯t̪o,চাইতো,cɐ͡ɪ̯t̪o,চাইত,cɐ͡ɪ̯t̪o,Wanting,*dəg̑h-mó-,slanting
চাইতো,t͡ɕait̪o,চাইতে,cɐ͡ɪ̯t̪e,চাইতো,cɐ͡ɪ̯t̪o,চাইতো,cɐ͡ɪ̯t̪o,চাইতো,cɐ͡ɪ̯t̪o,চাইতো,cɐ͡ɪ̯t̪o,Wanting,*dəg̑h-mó-,slanting
চাচ্ছে,t͡ɕat͡ɕt͡ɕʰe,চাইতেয়াছে,cɐ͡ɪ̯t̪eʲɐcʰe,চার,cɐɾ,চাইতাসে,cɐ͡ɪ̯t̪ɐʃe,মামলা,mɐmlɐ,ন,nɔ,Wanting,*dəg̑h-mó-,slanting
চামচ,t͡ɕamɔt͡ɕɔ,চামুছ,cɐmucʰo,চামচ,cɐmoc,চামচ,cɐmoc,চামুচ,cɐmuc,চামচ,cɐmoc,Spoon,"mok̑s, Indo-Iranian *mok̑sū̆",soon
চামুচ,t͡ɕamut͡ɕɔ,চামুছ,cɐmucʰo,চামচ,cɐmoc,চামুচ,cɐmuc,দি?,d̪ɪ?,দিয়ুম,d̪ɪʲum,Spoon,"mok̑s, Indo-Iranian *mok̑sū̆",soon
চাস,t͡ɕas̪ɔ,চাও?,cɐ͡o̯?,থাকতে,t̪ʰɐkt̪e,চাস?,cɐʃ?,চাস,cɐʃ?,চস,cɔʃ,Chas,sler-,chasm
চুল,t͡ɕul̪ɔ,চুল,cul,চুল,cul,চুল,cul,চুল,cul,চুল,cul,Hair,kais-,hair
চুলগুলি,t͡ɕul̪ɡul̪i,চুল,cul,চুলগুন,culgun,চুলগুলা,culgulɐ,চুলগুন,culgun,চুল্লিন,cullɪn,Hair,kais-,hair
চুলা,t͡ɕul̪a,চুলা,culɐ,চুলা,culɐ,চুলা,culɐ,চুলা,culɐ,লাক্রির,lɐkɾɪɾ,Stove,2 lēu- : ləu-,stone
ছয়,t͡ɕʰe̯ɔ,ছয়ডা,cʰɔʲdɐ,ছয়টা,cʰɔʲtɐ,ছয়,cʰɔe̯,ছয়,cʰɔe̯,চ,c,Six,"su̯ek̑s, sek̑s, ksek̑s, ksu̯ek̑s, u̯ek̑s : uk̑s",six
ছাদে,t͡ɕʰad̪e,মাছায়,mɐcʰɐe̯,ছাদে,cʰɐd̪e,ছাদে,cʰɐd̪e,সাদে,ʃɐd̪e,বহুত,bohut̪,Roof,"k̑rā̆po-, k̑rō̆po-?",roof
ছাদের,t͡ɕʰad̪erɔ,মাছার,mɐcʰɐɾ,কবুতর,kobut̪ɔɾ,ছাদের,cʰɐd̪eɾ,সাদে,ʃɐd̪e,দে,d̪e,Roof,"k̑rā̆po-, k̑rō̆po-?",roof
ছিল,t͡ɕʰil̪,আল্লেহ,ɐlleh,ছিল,cʰɪlo,আছিল,ɐcʰɪlo,আসে,ɐʃe,আচিল,ɐcɪl,Was,u̯obhsā,wasp
ছিল,t͡ɕʰil̪ɔ,আল্লেহ,ɐlleh,না,nɐ,ছিল,cʰɪlo,আসিল,ɐʃɪl,আচিল,ɐcɪl,Was,u̯obhsā,wasp
ছিলাম,t͡ɕʰil̪am,আল্লাহম,ɐllɐhom,আছলাম,ɐcʰlɐm,খারায়া,kʰɐɾɐʲɐ,গেছি,gecʰɪ,তিয়ায়,t̪ɪʲɐe̯,Was,u̯obhsā,wasp
ছিলাম,t͡ɕʰil̪amɔ,আল্লাম,ɐllɐm,আছলাম,ɐcʰlɐm,আসিলাম,ɐʃɪlɐm,মেদাবি,med̪ɐbɪ,মেধাবী,med̪ʱɐbɪ,Was,u̯obhsā,wasp
ছিলো,t͡ɕʰil̪o,আল্লেহ,ɐlleh,আছিল,ɐcʰɪlo,অসিলো,ɔsɪlo,আছিলো,ɐcʰɪlo,আচিল,ɐcɪl,Was,u̯obhsā,wasp
ছেলে,t͡ɕʰel̪e,পোলা,polɐ,পুয়া,puʲɐ,একটা,ɛktɐ,লাই,lɐ͡ɪ̯,ফোঁয়া,fõʷɐ,Son,"mok̑s, Indo-Iranian *mok̑sū̆",soon
ছোট,t͡ɕʰotɔ,ছোডো,cʰodo,ছোট,cʰoto,ছোট,cʰoto,ভাই,bʱɐ͡ɪ̯,চোড,cod,Small,ghom-,stall
ছোটরাও,t͡ɕʰotrao,ছোডোরাও,cʰodoɾɐ͡o̯,হুরু,huɾu,ছোডরাও,cʰodɾɐ͡o̯,ছোডগুনেও,cʰodgune͡o̯,গুরাওক্কলও,guɾɐ͡o̯kkolo,Younger,3 i̯eu-,young
ছোটো,t͡ɕʰoto,ছোডো,cʰodo,ছুটো,cʰuto,ছোট,cʰoto,ছোট্ট,cʰotto,গুরা,guɾɐ,Small,ghom-,stall
ছোটোরা,t͡ɕʰotora,গুরাগারারা,guɾɐgɐɾɐɾɐ,ছোটরা,cʰotoɾɐ,ছোটোরা,cʰotoɾɐ,ছোডোরা,cʰodoɾɐ,ছোতরা,cʰot̪oɾɐ,Younger,3 i̯eu-,young
ছোট্ট,t͡ɕʰottɔ,ছোডো,cʰodo,হুরু,huɾu,ছোট্ট,cʰotto,জায়গায়,ɟɐʲgɐe̯,গুরা,guɾɐ,Small,ghom-,stall
ছয়,t͡ɕʰe̯ɔ,ছক্কা,cʰɔkkɐ,ছক্কা,cʰɔkkɐ,ছয়,cʰɔe̯,ছয়,cʰɔe̯,ছক্কা,cʰɔkkɐ,Six,"su̯ek̑s, sek̑s, ksek̑s, ksu̯ek̑s, u̯ek̑s : uk̑s",six
ছয়টা,t͡ɕʰe̯ɔta,ছউজ্ঞা,cʰɔ͡u̯ggɐ,ছয়গু,cʰɔʲgu,ছয়টা,cʰɔʲtɐ,ছোগা,holɐɾ,ছোগান,cʰogɐn,Six,"su̯ek̑s, sek̑s, ksek̑s, ksu̯ek̑s, u̯ek̑s : uk̑s",six
জমি,d͡ʑɔmi,জমি,ɟomɪ,জমি,ɟomɪ,জমি,ɟomɪ,জমি,ɟomɪ,লইয়েরে,lo͡ɪ̯ʲeɾe,Land,ghelg̑h-,gland
জল,d͡ʑɔl̪ɔ,পানি,pɐnɪ,ফানি,pʰɐnɪ,জল,ɟɔl,হানি,hɐnɪ,নো,no,Water,1 *u̯ep- : u̯ō̆p- : up-,water
জলে,d͡ʑɔl̪e,জইল্যা,tehe,জ্বলিয়া,ɟɔlɪʲɐ,জলে,ɟɔle,হানিতে,hɐnɪt̪e,জলে,ɐɾ,Water,1 *u̯ep- : u̯ō̆p- : up-,water
জানত,d͡ʑan̪ɔt̪ɔ,জানতে,ɟɐnt̪e,জানতা,ɟɐnt̪ɐ,জানত,ɟɐnɔt̪o,জাইনতো,zɐ͡ɪ̯nɔt̪o,জানিত,zɐnɪt̪o,Knew,"neu̯os, neu̯i̯os",new
জানতাম,d͡ʑan̪t̪amɔ,জানতাম,ɟɐnt̪ɐm,জানতাম,ɟɐnt̪ɐm,জানতাম,ɟɐnt̪ɐm,জাইনতাম,ɟɐ͡ɪ̯not̪ɐm,কিছু,kɪcʰu,Knew,"neu̯os, neu̯i̯os",new
জানতে,d͡ʑan̪t̪e,জানতে,ɟɐnt̪e,জানতাম,ɟɐnt̪ɐm,জানতে,ɟɐnt̪e,জাইনতে,ɟɐ͡ɪ̯nt̪e,জানিত,zɐnɪt̪o,Know,nū̆-,now
জানি,d͡ʑan̪i,জানি,ɟɐnɪ,জানি,ɟɐnɪ,জানি,ɟɐnɪ,জানি,ɟɐnɪ,জানি,zɐnɪ,Know,nū̆-,now
জানিনা,d͡ʑan̪in̪a,জানিনা,ɟɐnɪnɐ,পানি,pɐnɪ,জানিনা,pɐnɪ,কইতাম,ko͡ɪ̯t̪ɐm,হইন্নো,ho͡ɪ̯nno,Know,nū̆-,now
জানে,d͡ʑan̪e,জানে,ɟɐne,জানে,ɟɐne,জানে,ɟɐne,জানে,ɟɐne,কিছু,kɪcʰu,Know,nū̆-,now
জানো,d͡ʑan̪o,জানো,ɟɐno,জানোনি,zɐnonɪ,জানো,ɟɐno,জানো,ɟɐno,যানো,zɐno,Know,nū̆-,now
জিনিষটা,d͡ʑin̪iʂta,জিনিশ,ɟɪnɪʃ,জিনিসটা,zɪnɪʃtɐ,জিনিসটা,ɟɪnɪʃtɐ,বেশি,beʃɪ,জিনিসসান,ɟɪnɪʃsɐn,Thing,rent-,thing?
জিনিসও,d͡ʑin̪is̪o,জিনিসও,ɟɪnɪʃo,জিনিসও,ɟɪnɪʃo,জিনিসও,ɟɪnɪʃo,জিনিসও,ɟɪnɪʃo,রাখিতো,ɾɐkʰɪt̪o,Thing,rent-,thing?
জিভে,d͡ʑib̤e,জিবরায়,ɟɪbɾɐe̯,জিফলাত,zɪfɔlɐt̪,জিভে,ɟɪbʱe,জিব্বাত,ɟɪbbɐt̪o,হয়,foloɾ,Tongue,"dn̥g̑hū, dn̥g̑hu̯ā",tongue
টাকা,taka,টাহা,tɐhɐ,টেখা,tekʰɐ,টেহা,tehɐ,টেয়া,teʲɐ,টিয়া,tɪʲɐ,Money,"meli-t, genitive mel-nés",honey
টাকার,takarɔ,টাহার,tɐhɐɾ,টেখার,texɐɾ,টেহার,tehɐɾ,টাকার,tɐkɐɾ,টেয়ার,teʲɐɾ,Money,"meli-t, genitive mel-nés",honey
টার,tarɔ,টার,tɐɾ,বুলে,bule,টার,tɐɾ,টার,tɐɾ,টার,tɐɾ,Tar,2 stē̆r-,star
টিনের,tin̪erɔ,টিনের,tɪneɾ,টিনর,tɪnɾ,টিনের,tɪneɾ,টিনের,tɪneɾ,ঘর,gʱɔɾ,Tin,"tenu-s, tenu-s",thin
টুকটাক,tuktakɔ,টুকটাক,tuktɐk,টুকিটাকি,tukɪtɐkɪ,টুকটাক,tuktɐk,টুকটাক,tuktɐk,টুকটাক,tuktɐk,Tickle,"5 ser-, extended serp-",sickle
ঠকে,tʰɔke,ঠইজ্ঞা,tʰo͡ɪ̯ggɐ,ভালোবাসিয়াও,bʱɐlobɐʃɪʲɐ͡o̯,ঠইক্কা,tʰɔ͡ɪ̯kkɐ,ঠকি,tʰokɪ,ঠকি,tʰokɪ,Chatter,1 u̯ap-,to chatter
ঠাণ্ডা,tʰanda,ঠান্ডা,tʰɐndɐ,ঠান্ডা,tʰɐndɐ,ঠাণ্ডা,tʰɐndɐ,ঠান্ডা,tʰɐndɐ,ঠান্ডা,tʰɐndɐ,Cold,"oug-, ou-?",cold
ঠান্ডা,tʰan̪da,ঠান্ডা,tʰɐndɐ,ঠান্ডা,tʰɐndɐ,ঠান্ডা,tʰɐndɐ,ঠান্ডা,tʰɐndɐ,তুন,t̪un,Cold,"oug-, ou-?",cold
ঠিক,tʰikɔ,ঠিক,tʰɪk,ঠিক,tʰɪk,ঠিক,tʰɪk,ভালা,bʱɐlɐ,টিক,tɪk,Right,"neku̯-(t-), noku̯-t-s",night
ডাক্তার,dakt̪ar,ডাক্তার,dɐkt̪ɐɾ,ডাক্তর,dɐkt̪oɾ,ডাক্তার,dɐkt̪ɐɾ,ডাক্তর,dɐkt̪oɾ,ডাক্তর,dɐkt̪oɾ,Doctor,"dhu̯ē̆r-, dhu̯ō̆r-, dhur-, dhu̯r̥-",door
ডাক্তার,dakt̪arɔ,ডাক্তার,dɐkt̪ɐɾ,ডাখতর,dɐxt̪oɾ,ডাক্তার,dɐkt̪ɐɾ,দেই,d̪e͡ɪ̯,দেই,d̪e͡ɪ̯,Doctor,"dhu̯ē̆r-, dhu̯ō̆r-, dhur-, dhu̯r̥-",door
ডাক্তারের,dakt̪arerɔ,ধারে,d̪ʱɐɾe,ডাক্তারের,dɐkt̪ɐɾeɾ,ডাক্তারের,dɐkt̪ɐɾeɾ,ডাক্তারের,dɐkt̪ɐɾeɾ,ডাক্তারর,dɐkt̪ɐɾoɾ,Doctor,"dhu̯ē̆r-, dhu̯ō̆r-, dhur-, dhu̯r̥-",door
ডিফেন্স,diɸen̪s̪ɔ,ডিফেন্স,dɪpʰens,ডিফেন্সর,dɪfenʃɔɾ,ডিফেন্স,dɪpʰens,ডিফেন্স,dɪfens,লোক,lok,Defense,2 dens-,dense
ডিয়ে,die̯e,দিয়া,d̪ɪʲɐ,দিয়া,d̪ɪʲɐ,দিয়া,d̪ɪʲɐ,দি,d̪ɪ,দিয়েরে,d̪ɪʲeɾe,Diet,"4 mer-, merə-",to die
ঢুকতে,d̤ukt̪e,ঢোকতে,dʱokt̪e,ঢুকতে,dʱukt̪e,ঢুকতে,dʱukt̪e,ঢুইকতে,dʱu͡ɪ̯kɔt̪e,ডুইক্তে,du͡ɪ̯kt̪e,In,1 en,in
তখনো,t̪ɔkʰɔn̪o,তহন,t̪ɔhon,তখনো,t̪ɔkʰono,তহনো,t̪ɔhono,হেক্তেও,hekt̪e͡o̯,তহনো,t̪ɔhono,Still,ghom-,stall
তাও,t̪ao,হেইয়াও,he͡ɪ̯ʲɐ͡o̯,তাও,t̪ɐ͡o̯,তাও,t̪ɐ͡o̯,হিয়ান,hɪʲɐn,ইবাও,ɪbɐ͡o̯,Even,septm̥,seven
তারপর,t̪arɔpɔrɔ,হেইয়ারপর,he͡ɪ̯ʲɐɾpɔɾ,এরবাদে,eɾbɐd̪e,তারপর,t̪ɐɾpɔɾ,এর,eɾ,তারফর,t̪ɐɾfɔɾ,After,1 *u̯ep- : u̯ō̆p- : up-,water
তারাগুলি,t̪araɡul̪i,তারাগুলান,t̪ɐɾɐgulɐn,ওর,oɾ,তারাগুলা,t̪ɐɾɐgulɐ,তারাগুন,t̪ɐɾɐgun,অর,ɔɾ,Stars,2 stē̆r-,star
তাহলে,t̪ahɔl̪e,হ্যালে,ɐmoneɾ,তাহলে,t̪ɐhole,তাইলে,t̪ɐ͡ɪ̯le,হারেন,hɐɾen,অনে,ɔne,In,1 en,in
তিন,t̪in̪ɔ,তিন,t̪ɪn,তিন,t̪ɪn,তিন,t̪ɪn,তিন,t̪ɪn,তিন,t̪ɪn,Three,"nogu̯o-, or nagu̯o-",tree
তিনজন,t̪in̪ɔd͡ʑɔn̪ɔ,তিউনগা,t̪ɪ͡u̯ngɐ,তিনজন,t̪ɪnɟɔn,তিনজন,t̪ɪnɟɔn,তিনজন,t̪ɪnɟɔn,মাইনসের,mɐ͡ɪ̯nʃeɾ,Three,"nogu̯o-, or nagu̯o-",tree
তে,t̪e,তে,t̪e,গিয়া,gɪʲɐ,তে,t̪e,তে,t̪e,গিয়েরে,gɪʲeɾe,In,1 en,in
তেতুল,t̪et̪ul̪ɔ,ট্যাঙ্গা,tɛŋgɐ,তেতুল,t̪et̪ul,তেতুল,t̪et̪ul,তেতই,t̪et̪o͡ɪ̯,তেতুল,t̪et̪ul,Spine,"gu̯ii̯ā, gu̯ii̯ós",sinew
থাকত,t̪ʰakɔt̪ɔ,থাকতে,t̪ʰɐkt̪e,থাকতা,t̪ʰɐkt̪ɐ,থাকত,t̪ʰɐkt̪o,রইতো,ɾo͡ɪ̯t̪o,তাইতো,t̪ɐ͡ɪ̯t̪o,In,1 en,in
থেকেই,t̪ʰekei,থেইক্কাই,t̪ʰe͡ɪ̯kkɐ͡ɪ̯,তনে,t̪ɔne,থাইক্কাই,t̪ʰɐ͡ɪ̯kkɐ͡ɪ̯,ধরিয়ে,d̪ʱoɾɪʲe,তাইক্তে,t̪ɐ͡ɪ̯kt̪e,In,1 en,in
দম,d̪ɔmɔ,দম,d̪ɔm,দম,d̪ɔm,দম,d̪ɔm,ধম,d̪ʱɔm,নিয়াস,nɪʲɐs,Breath,ēt-mén-,breath
দরজার,d̪ɔrɔd͡ʑarɔ,দুয়ারের,d̪uʲɐɾeɾ,দরজার,d̪ɔɾzɐɾ,দরজার,d̪ɔɾɟɐɾ,দরজার,d̪ɔɾzɐɾ,দর্জার,d̪ɔɾzɐɾ,Door,"dhu̯ē̆r-, dhu̯ō̆r-, dhur-, dhu̯r̥-",door
দাঁড়াতে,d̪ɔ̃ɽat̪e,খাড়াইতে,kʰɐɽɐ͡ɪ̯t̪e,দাড়াইতাম,d̪ɐɽɐ͡ɪ̯t̪ɐm,খাড়াইতে,kʰɐɽɐ͡ɪ̯t̪e,খাড়াইতে,hɐ͡ɪ̯ɾot̪ɐn,দারাইন্নো,d̪ɐɾɐ͡ɪ̯nno,To stand up,stā- : stə-,to stand
দাম,d̪amɔ,দাম,d̪ɐm,দাম,d̪ɐm,দাম,kɔmoneɾ,দাম,d̪ɐm,বারি,bɐɾɪ,Price,u̯es-no-,price
দিকেই,d̪ikei,দিকই,d̪ɪkɪ,অউ,ɔ͡u̯,দিকেই,d̪ɪke͡ɪ̯,দিকেই,d̪ɪke͡ɪ̯,মিক্কেই,mɪkke͡ɪ̯,In,1 en,in
দিন,d̪in̪,দেন,d̪ɛn,দিন,d̪ɪn,দেন,d̪ɛn,দেন,d̪ɛn,দন,d̪ɔn,Day,"āmer-, āmōr, āmr̥",day
দিন,d̪in̪ɔ,দিন,d̪ɪn,দিন,d̪ɪn,আগে,ɐge,হরে,hoɾe,দিন,d̪ɪn,Day,"āmer-, āmōr, āmr̥",day
দিনগুলো,d̪in̪ɡul̪o,গুলান,gulɐn,ওকল,okol,দিনগুলা,d̪ɪngulɐ,দিনগুন,d̪ɪngun,হাডি,hɐdɪ,Day,"āmer-, āmōr, āmr̥",day
দিনে,d̪in̪e,কালে,kɐle,দিনে,d̪ɪne,দিনে,d̪ɪne,দিনে,d̪ɪne,দিনত,d̪ɪnt̪o,Day,"āmer-, āmōr, āmr̥",day
দিনেও,d̪in̪eo,দিনেও,d̪ɪne͡o̯,দিনও,d̪ɪno,দিনেও,d̪ɪne͡o̯,দিনেও,d̪ɪne͡o̯,ছুটির,cʰutɪɾ,Day,"āmer-, āmōr, āmr̥",day
দিনের,d̪in̪erɔ,দিনের,d̪ɪneɾ,দিনর,d̪ɪnɾ,দিনের,d̪ɪneɾ,দিনের,d̪ɪneɾ,দিন,d̪ɪn,Day,"āmer-, āmōr, āmr̥",day
দিবো,d̪ibo,দিমু,d̪ɪmu,দিতাম,d̪ɪt̪ɐm,দিতাম,d̪ɪt̪ɐm,দিতান,d̪ɪt̪ɐn,দিয়ুম,d̪ɪʲum,Din,1 en,in
দিবো,d̪ibo,দিমু,d̪ɪmu,দিমু,d̪ɪmu,দিতাম,d̪ɪt̪ɐm,দিয়ুম,d̪ɪʲum,দিয়্যুম,d̪ɪʲum,Din,1 en,in
দিয়েছি,d̪ie̯et͡ɕʰi,দিছি,d̪ɪcʰɪ,দিসি,d̪ɪʃɪ,দিসি,t̪omɐɾ,দিছি,d̪ɪcʰɪ,আই,ɐ͡ɪ̯,Gave,g̑eis-,gravel
দিয়েছি,d̪ie̯et͡ɕʰi,দিছি,d̪ɪcʰɪ,দিয়াছি,d̪ɪʲɐcʰɪ,দিসি,d̪ɪʃɪ,দিছি,d̪ɪcʰɪ,দিয়ি,d̪ɪʲɪ,Gave,g̑eis-,gravel
দিয়েছিলেন,d̪ie̯et͡ɕʰil̪en̪,দেল্লাহম,d̪ellɐhom,দিছলা,d̪ɪcʰɔlɐ,দিসিলেন,d̪ɪsɪlen,দিছিলেন,d̪ɪcʰɪlen,দিয়িলেন,d̪ɪʲɪlen,Gave,g̑eis-,gravel
দুধ,d̪ud̪̤,দুধ,d̪ud̪ʱ,খানি,kʰɐnɪ,দুধ,d̪ud̪ʱ,দূধ,d̪ud̪ʱ,দুধ,d̪ud̪ʱ,Milk,"glag-, or glak-",milk
দুনিয়ার,d̪un̪ie̯arɔ,দুনিয়ার,d̪unɪʲɐɾ,দুনিয়ার,d̪unɪʲɐɾ,দুনিয়ার,d̪unɪʲɐɾ,দুন্নার,d̪unnɐɾ,দুনিয়ার,d̪unɪʲɐɾ,World,n̥si-s,sword
দুনিয়া,d̪un̪ie̯a,দুনিয়ায়,d̪unɪʲɐe̯,দুনিয়াত,d̪unɪʲɐt̪,দুনিয়া,d̪unɪʲɐ,দুনিয়া,d̪unɪʲɐ,দুনিয়াত,d̪unɪʲɐt̪,World,n̥si-s,sword
দৃশ্যে,d̪ɽiɕd͡ze,দৃশ্যে,d̪ɾɪʃʃe,ওর,oɾ,দৃশ্যে,d̪ɾɪʃʃe,মনোরম,monoɾɔm,মনোরম,monoɾɔm,Sight,"neku̯-(t-), noku̯-t-s",night
দেখতেও,d̪ekʰt̪eo,দ্যাখতেও,d̪ɛkʰt̪e͡o̯,দেখতেও,d̪ekʰt̪e͡o̯,দেখতেও,d̪ekʰt̪e͡o̯,দেখতেও,d̪ekʰt̪e͡o̯,দেহিতও,d̪ehɪt̪o,Even,septm̥,seven
দেখেও,d̪ekʰeo,দ্যাইখাও,d̪ɛ͡ɪ̯kʰɐ͡o̯,দেখিয়াও,d̪ekʰɪʲɐ͡o̯,দেইক্ষাও,d̪e͡ɪ̯kkʰɐ͡o̯,দেই,d̪e͡ɪ̯,ইন,ɪn,Even,septm̥,seven
দেব,d̪ebɔ,দিমু,d̪ɪmu,দিমু,d̪ɪmu,দিমু,d̪ɪmu,দিয়ুম,d̪ɪʲum,দিয়্যুম,d̪ɪʲum,God,u̯ē̆su-,good
দেবো,d̪ebo,দিমু,d̪ɪmu,দিমু,d̪ɪmu,দিয়াম,d̪ɪʲɐm,দিয়ুম,d̪ɪʲum,অইয়ুম,ɔ͡ɪ̯ʲum,God,u̯ē̆su-,good
ধান,d̪̤an̪ɔ,ধান,d̪ʱɐn,ধান,d̪ʱɐn,ধান,d̪ʱɐn,ধান,d̪ʱɐn,ধান,d̪ʱɐn,Rice,u̯es-no-,price
ধার,d̪̤arɔ,টাহা,tɐhɐ,টেখা,tekʰɐ,ধার,d̪ʱɐɾ,ধার,d̪ʱɐɾ,গরি,goɾɪ,Edge,"2 bhrēu-, bhrū-",edge
নতুন,n̪ɔt̪un̪ɔ,নতুন,not̪un,গুতা,gut̪ɐ,নয়া,nɔʲɐ,গান,gɐn,নতুন,not̪un,New,"neu̯os, neu̯i̯os",new
নতুনরা,n̪ɔt̪un̪ra,নতুনরা,not̪unɾɐ,নয়া,nɔʲɐ,নতুনরা,not̪unɾɐ,নতুনগুন,not̪ungun,নতুনরা,not̪unɾɐ,New,"neu̯os, neu̯i̯os",new
নদীর,n̪ɔd̪irɔ,নদীর,nod̪ɪɾ,প্রধান,pɾod̪ʱɐn,নদীর,nod̪ɪɾ,নদীর,nod̪ɪɾ,নদির,nod̪ɪɾ,River,"i̯ē̆ku̯-r̥(t-), genitive i̯eku̯-n-és",liver
নয়,n̪e̯ɔ,উলডা,uldɐ,নায়,nɐe̯,না,nɐ,বলতে,bolt̪e,নয়,nɔe̯,Nine,"e-neu̯en, neu̯n̥, enu̯n̥",nine
নাই,n̪ai,নাই,nɐ͡ɪ̯,নাই,nɐ͡ɪ̯,নাই,nɐ͡ɪ̯,খান্নো,xɐnno,নাই,nɐ͡ɪ̯,No,nū̆-,now
নাইনে,n̪ain̪e,নাইনে,nɐ͡ɪ̯ne,নাইনো,nɐ͡ɪ̯no,নাইনে,nɐ͡ɪ̯ne,নাইনে,nɐ͡ɪ̯ne,নাইনত,nɐ͡ɪ̯nɔt̪o,Nine,"e-neu̯en, neu̯n̥, enu̯n̥",nine
নাও,n̪ao,নাও,nɐ͡o̯,যাও,ɟɐ͡o̯,নেও,ne͡o̯,নাও,nɐ͡o̯,নাও,nɐ͡o̯,No,nū̆-,now
নাম,n̪amɔ,নাম,nɐm,আফনার,ɐpʰnɐɾ,নাম,poɾɪcɔe̯,আরে,ɐɾe,তোঁয়ার,t̪õʲɐɾ,Name,"en(o)mn̥-, (o)nomn̥, nōmn̥",name
নামক,n̪amɔkɔ,নামের,nɐmeɾ,নাম,nɐm,নামের,nɐmeɾ,নামে,nɐme,নামর,nɐmoɾ,Name,"en(o)mn̥-, (o)nomn̥, nōmn̥",name
নামটি,n̪amti,নামডা,nɐmdɐ,নাম,nɐm,নামডা,nɐmdɐ,নামটি,nɐmtɪ,বাংলাদেশ,bɐŋlɐd̪eʃ,Name,"en(o)mn̥-, (o)nomn̥, nōmn̥",name
নামের,n̪amerɔ,নামের,nɐmeɾ,নাম,nɐm,নামের,nɐmeɾ,নামের,nɐmeɾ,নামর,nɐmoɾ,Name,"en(o)mn̥-, (o)nomn̥, nōmn̥",name
নাহ,n̪ahɔ,না,nɐ,না,nɐ,নাহ,nɐh,নও,nɔ͡o̯,লাগিবো,lɐgɪbo,No,nū̆-,now
নি,n̪i,নাই,nɐ͡ɪ̯,তুলছে,t̪ulcʰe,নাই,nɐ͡ɪ̯,ন,n,লাগে,lɐge,No,nū̆-,now
নিতে,n̪it̪e,নেতে,net̪e,নিতে,nɪt̪e,নিতে,nɪt̪e,নন,nɔn,লইত,lɔ͡ɪ̯t̪o,To take,1 dek̑-,to take
নিয়েছি,n̪ie̯et͡ɕʰi,নিছি,nɪcʰɪ,আর,ɐɾ,নিসি,nɪʃɪ,নিছি,nɪcʰɪ,আর,ɐɾ,Take,3 su̯er-,stake
নিষেধ,n̪iʂed̪̤,নিষেধ,nɪʃed̪ʱ,নিষেদ,nɪʃed̪,নিষেধ,nɪʃed̪ʱ,নিষেধ,nɪʃed̪ʱ,মানা,mɐnɐ,Ban,bhabhā,bean
নিষেধ,n̪iʂed̪̤ɔ,মানা,mɐnɐ,লাগি,lɐgɪ,মানা,mɐnɐ,করে,koɾe,নো,no,Ban,bhabhā,bean
নিয়েছে,n̪ie̯et͡ɕʰe,নেছে,necʰe,নিছইন,nɪcʰɪn,নিসে,nɪʃe?,কলে,kɔle,লইয়ে,lo͡ɪ̯ʲe,Taken,3 su̯er-,stake
নিয়েছেন,n̪ie̯et͡ɕʰen̪,নেছেন,necʰen,নিয়াছইন,nɪʲɐcʰɪn,নিসেন,nɪsen,লইছেন,lo͡ɪ̯cʰen,মেনেজ,menez,Take,3 su̯er-,stake
নেই,n̪ei,নাই,nɐ͡ɪ̯,নায়,nɐe̯,নাই,nɐ͡ɪ̯,নাই,nɐ͡ɪ̯,নাই,nɐ͡ɪ̯,No,nū̆-,now
নেওয়ার,n̪eoe̯arɔ,গুছাইয়া,gucʰɐ͡ɪ̯ʲɐ,গুছাইয়া,gucʰɐ͡ɪ̯ʲɐ,নেওয়ার,ne͡o̯ʷɐɾ,করি,koɾɪ,গুচাই,gucɐ͡ɪ̯,Take,3 su̯er-,stake
নেওয়া,n̪eoe̯a,লওয়া,lɔ͡o̯ʷɐ,নেওয়া,ne͡o̯ʷɐ,নেওয়ন,ne͡o̯ʲon,নেয়া,neʲɐ,লইল,lɔ͡ɪ̯l,Take,3 su̯er-,stake
নেন,n̪en̪,বাইচছা,bɐ͡ɪ̯ccʰɐ,লইন,lɔ͡ɪ̯n,নেন,nen,লন,lɔn,লইয়ন,lɔ͡ɪ̯ʲon,Take,3 su̯er-,stake
নেয়,n̪ee̯ɔ,লয়,lɔe̯,নেইন,ne͡ɪ̯n,নেয়,nee̯,যত্ন,ɟɔt̪no,লয়,lɔe̯,Take,3 su̯er-,stake
নেয়া,n̪ee̯a,নেওয়া,ne͡o̯ʷɐ,নেওয়া,ne͡o̯ʷɐ,নেওয়ন,ne͡o̯ʲon,নি,nɪ,হাস্পাতালত,hɐspɐt̪ɐlɔt̪o,Take,3 su̯er-,stake
নোংরা,n̪oŋra,ময়লা,mɔʲlɐ,ময়লা,mɔʲlɐ,নোংরা,noŋɾɐ,কাচরা,kɐcɾɐ,ইয়ান,ɪʲɐn,Dirty,"1 leu-, *leu̯ə- : lū̆-",dirt
নয়,n̪e̯ɔ,না,nɐ,নায়?,nɐe̯?,না,nɐ,ন,n,নো,no,Nine,"e-neu̯en, neu̯n̥, enu̯n̥",nine
পড়তে,pɔɽɔt̪e,পড়তে,poɽt̪e,ফরাত,pʰɔɾɐt̪,পড়তে,poɽt̪e,আইবো,ɐ͡ɪ̯bo,ফরিত,pʰoɾɪt̪o,Read,reudh-,red
পড়লাম,pɔɽɔl̪am,পড়লাম,pɔɽlɐm,পড়লাম,pɔɽlɐm,পড়লাম,pɔɽlɐm,হইড়লাম,ho͡ɪ̯ɽlɐm,ফইরলাম,fo͡ɪ̯ɾlɐm,Read,reudh-,red
পড়লে,pɔɽɔl̪e,মোর,moɾ,অইলে,ɛ͡ɪ̯le,পড়লে,pɔɽle,পড়লে,pɔɽle,ফরিলে,foɾɪle,Read,reudh-,red
পড়া,pɔɽa,পরা,pɔɾɐ,ফড়া,pʰɔɽɐ,পড়া,pɔɽɐ,হোড়া,hoɽɐ,ফরা,fɔɾɐ,Read,reudh-,red
পড়েছি,pɔɽet͡ɕʰi,পড়ছি,poɽcʰɪ,পড়লাম,pɔɽlɐm,পড়সি,pɔɽʃɪ,হইড়ছি,ho͡ɪ̯ɽcʰɪ,ফইরগি,fo͡ɪ̯ɾgɪ,Read,reudh-,red
পড়ো?,pɔɽo?,পড়ো?,pɔɽo?,পড়রায়?,pɔɽɾɐe̯?,পড়ো?,pɔɽo?,হড়ো,hɔɽo,ফরো?,fɔɾo?,Read,reudh-,red
পর,pɔrɔ,পর,pɔɾ,পর,pɔɾ,বাদে,bɐd̪e,দেয়া,d̪eʲɐ,অনর,ɔnoɾ,After,1 *u̯ep- : u̯ō̆p- : up-,water
পরই,pɔri,পরই,pɔɾɪ,পরইঝগরা,pɔɾɪɟʱɔgɾɐ,পরই,sɪnemɐ,হরেই,hoɾe͡ɪ̯,ফরদ্দি,fɔɾod̪d̪ɪ,After,1 *u̯ep- : u̯ō̆p- : up-,water
পরও,pɔro,পরো,pɔɾo,করার,kɔɾɐɾ,পরেও,pɔɾe͡o̯,হরও,hoɾo,ফরো,fɔɾo,After,1 *u̯ep- : u̯ō̆p- : up-,water
পরে,pɔre,পইররা,po͡ɪ̯ɾɾɐ,পরিয়া,poɾɪʲɐ,পইড়া,po͡ɪ̯ɽɐ,কার,kɐɾ,ফরে,fɔɾe,After,1 *u̯ep- : u̯ō̆p- : up-,water
পরেই,pɔrei,পরেই,pɔɾe͡ɪ̯,যাওয়া,ɟɐ͡o̯ʷɐ,পরেই,pɔɾe͡ɪ̯,হরেই,hoɾe͡ɪ̯,ফরি,foɾɪ,After,1 *u̯ep- : u̯ō̆p- : up-,water
পরেও,pɔreo,পরেও,pɔɾe͡o̯,অন্য,ɔnno,পরেও,pɔɾe͡o̯,হরেও,hoɾe͡o̯,ফর,fɔɾ,After,1 *u̯ep- : u̯ō̆p- : up-,water
পা,pa,ঠ্যাঙ্গে,tʰɛŋge,ফা-ও,pʰɐ-o,পা,pɐ,পা,pɐ,ট্যাং,tɛŋ,Foot,"2 pē̆d-, pō̆d-",foot
পাতলা,pat̪l̪a,চিকনা,cɪknɐ,হোকনা,hoknɐ,পাতলা,pɐt̪lɐ,হাতলা,hɐt̪lɐ,মাইয়াফোয়া,mɐ͡ɪ̯ʲɐfoʷɐ,Thin,"tenu-s, tenu-s",thin
পাত্তা,pat̪t̪a,পাত্তা,pɐt̪t̪ɐ,ইতায়ও,ɪt̪ɐʲo,পাত্তা,pɐt̪t̪ɐ,হাত্তা,hɐt̪t̪ɐ,ফাত্তা,fɐt̪t̪ɐ,Know,nū̆-,now
পাত্রটি,pat̪rɔti,পাইলাডা,pɐ͡ɪ̯lɐdɐ,ফাত্রটি,pʰɐt̪ɾotɪ,পাত্রটা,pɐt̪ɾotɐ,পাত্রগা,pɐt̪ɾogɐ,বাডি,bɐdɪ,Vessel,gan(dh)-,vessel
পাথর,pat̪ʰɔrɔ,পাথর,pɐt̪ʰoɾ,পাতথর,pɐt̪t̪ʰoɾ,পাথর,pɐt̪ʰoɾ,হাত্তর,hɐt̪t̪oɾ,ফাতর,fɐt̪oɾ,Stone,2 lēu- : ləu-,stone
পানি,pan̪i,চইল্লা,co͡ɪ̯llɐ,এর,eɾ,পানি,pɐnɪ,দি,d̪ɪ,ফানি,fɐnɪ,Water,1 *u̯ep- : u̯ō̆p- : up-,water
পানির,pan̪irɔ,গুলান,gulɐn,ওগুন,ogun,ফানির,pʰɐnɪɾ,হানির,hɐnɪɾ,ফানির,pʰɐnɪɾ,Water,1 *u̯ep- : u̯ō̆p- : up-,water
পারছিলাম,part͡ɕʰil̪amɔ,পারতেয়াছেলাম,pɐɾt̪eʲɐcʰelɐm,ফারছিলাম,fɐɾcʰɪlɐm,পারতাসিলাম,pɐɾt̪ɐʃɪlɐm,হারিয়ের,hɐɾɪʲeɾ,ফারির,fɐɾɪɾ,Could,"oug-, ou-?",cold
পারত,parɔt̪ɔ,পারতে,pɐɾt̪e,পারতো,pɐɾt̪o,পারত,pɐɾt̪o,হাইরতো,hɐ͡ɪ̯ɾot̪o,নো,no,Could,"oug-, ou-?",cold
পারতাম,part̪amɔ,পারতাম,pɐɾt̪ɐm,খাইতে,xɐ͡ɪ̯t̪e,পারতাম,pɐɾt̪ɐm,হাইরতাম,hɐ͡ɪ̯ɾot̪ɐm,ভাত,vɐt̪,Could,"oug-, ou-?",cold
পারলো,parl̪o,পারলে,pɐɾle,ফারলো,pʰɐɾlo,পারলো,pɐɾlo,হাইরলো,hɐ͡ɪ̯ɾlo,ফাইল্ল,fɐ͡ɪ̯ll,Could,"oug-, ou-?",cold
পাহাড়ের,pahaɽerɔ,পাহাড়ের,pɐhɐɽeɾ,পাহাড়র,pɐhɐɽoɾ,পাহাড়ের,pɐhɐɽeɾ,পাহাড়ে,pɐhɐɽe,ফাআরর,ɪkkɐ,Mountain,"3 gu̯er-, gu̯or-",mountain
পাহাড়ের,pahaɽerɔ,পাহাড়ের,pɐhɐɽeɾ,পাহাড়,pɐhɐɽ,পাহাড়ের,pɐhɐɽeɾ,ফাহাড়ের,pʰɐhɐɽeɾ,ফা,fɐ,Mountain,"3 gu̯er-, gu̯or-",mountain
পুরনো,purn̪o,পুরান,puɾɐn,পুরানা,puɾɐnɐ,পুরনা,puɾonɐ,পুরনো,puɾono,ফুরান,fuɾɐn,Old,"oug-, ou-?",cold
পুরাতন,purat̪ɔn̪ɔ,পুরান,puɾɐn,আগর,ɐgoɾ,পুরান,puɾɐn,পূরান,puɾɐn,ফুরান,fuɾɐn,Old,"oug-, ou-?",cold
পৃথিবী,pɽit̪ʰibi,পিরথিবি,pɪɾt̪ʰɪbɪ,পৃথিবী,pɾɪt̪ʰɪbɪ,দুনিয়া,d̪unɪʲɐ,হীতিবী,hɪt̪ɪbɪ,দুনিয়া,d̪unɪʲɐ,Earth,"4 er-, er-t-, er-u̯-",earth
পৃথিবীর,pɽit̪ʰibirɔ,এই,e͡ɪ̯,দুনিয়ার,d̪unɪʲɐɾ,দুনিয়ার,d̪unɪʲɐɾ,পিতিবির,pɪt̪ɪbɪɾ,মায়া,mɐʲɐ,Earth,"4 er-, er-t-, er-u̯-",earth
পেরেছ,peret͡ɕʰɔ,পারছো?,pɐɾcʰo?,ফারছোনি?,pʰɐɾcʰonɪ?,পারসো,pɐɾʃo?,হাইরছো,hɐ͡ɪ̯ɾcʰo,না?,nɐ?,Got,ā̆g̑-,goat
প্রচণ্ড,prɔt͡ɕɔndɔ,বেমালা,bemɐlɐ,প্রচন্ড,pɾocɔnd,বহুত,bohut̪,মেলা,mɛlɐ,বহুত,bohut̪,Fierce,āt(e)r-,fire
প্রচন্ড,prɔt͡ɕɔn̪dɔ,বেমালা,bemɐlɐ,অতো,ɔt̪o,প্রচন্ড,pɾocɔnd,প্রচন্ড,pɾocɔnd,ইবা,ɪbɐ,Fierce,āt(e)r-,fire
প্রথম,prɔt̪ʰɔmɔ,পরথোম,pɔɾt̪ʰom,ফয়লা,pʰɔʲlɐ,প্রথম,pɾot̪ʰom,প্রথম,pɾot̪ʰom,ফ্রতম,fɾot̪ɔmo,First,pn̥ksti-,fist
প্রথমে,prɔt̪ʰɔme,পোরথোম,poɾt̪ʰom,প্রথমে,pɾot̪ʰome,প্রথমে,pɾot̪ʰome,আগে,ɐge,ফ্রতমে,fɾot̪ɔme,First,pn̥ksti-,fist
প্রধান,prɔd̪̤an̪ɔ,পোরধান,poɾd̪ʱɐn,একটা,ɛktɐ,প্রধান,nod̪ɪ,ফদান,pʰɔd̪ɐn,নদি,nod̪ɪ,Prime,u̯es-no-,price
প্রাচীন,prat͡ɕin̪ɔ,পুরান,puɾɐn,পুরানা,puɾɐnɐ,প্রাচীন,pɾɐcɪn,গান,gɐn,সেই,ʃe͡ɪ̯,Old,"oug-, ou-?",cold
পড়তাম,pɔɽɔt̪am,পরতাম,pɔɾt̪ɐm,পড়তাম,pɔɽt̪ɐm,পড়তাম,pɔɽt̪ɐm,হইরতাম,ho͡ɪ̯ɾot̪ɐm,ফইত্তাম,fo͡ɪ̯t̪t,Read,reudh-,red
পড়তে,pɔɽɔt̪e,পড়তে,poɽt̪e,ডাখতরি,dɐkʰt̪oɾɪ,পড়তে,poɽt̪e,এখনো,ɛkʰono,এহনি,ehonɪ,Read,reudh-,red
পড়লাম,pɔɽɔl̪amɔ,পড়লাম,pɔɽlɐm,গেলাম,gelɐm,পড়লাম,pɔɽlɐm,হইরলাম,ho͡ɪ̯ɾlɐm,অই,ɔ͡ɪ̯,Read,reudh-,red
পড়লে,pɔɽɔl̪e,পরলে,poɾle,সর্বনাশ,ʃɔɾbonɐʃ,সর্বনাশ,ʃɔɾbonɐʃ,সর্বনাশ,ʃɔɾbonɐʃ,ফইরলে,fo͡ɪ̯ɾle,Read,reudh-,red
পড়া,pɔɽa,পড়া,pɔɽɐ,নামাজ,nɐmɐɟ,পড়ন,pɔɽon,হড়া,hɔɽɐ,ফরা,fɔɾɐ,Read,reudh-,red
পড়ি,pɔɽi,পাও,pɐ͡o̯,পায়ো,pɐʲo,পড়ি,poɽɪ,হড়ি,hoɽɪ,টেংত,teŋt̪o,Read,reudh-,red
পড়েছি,pɔɽet͡ɕʰi,পেরেমে,peɾeme,পেরেমো,peɾemo,প্রেমে,pɾeme,হেমে,heme,ফ্রেম,fɾem,Read,reudh-,red
ফলারটি,ɸɔl̪arti,খাওনডা,kʰɐ͡o̯ndɐ,ফলারগুন,pɐkɪʲɐ,ফলারটি,pʰɔlɐɾtɪ,ফলারটি,pʰɔlɐɾtɪ,ফোলারিন,folɐɾɪn,Feather,"pətḗ(r), genitive pətr-és",father
আট,atɔ,আট,ɐt,আট,ɐt,আট,ɐt,আট,ɐt,আট,ɐt,Eight,"neku̯-(t-), noku̯-t-s",night
আড্ডা,adda,আড্ডা,ɐddɐ,আড্ডা,ɐddɐ,আড্ডা,ɐddɐ,আড্ডা,ɐddɐ,ফোয়ারিত,foʷɐɾɪt̪ɔ,Chatter,1 u̯ap-,to chatter
আত্মীয়,at̪mie̯ɔ,মেহমান,mehmɐn,কুটুম,kutum,আত্মীয়,ɐt̪t̪ɪʲo,আত্মীয়,ɐt̪t̪ɪʲo,আত্মীয়-স্বজন,ɐt̪t̪ɪʲo-ʃɔɟɔn,Relative,pāsó-s,a relative
আনতে,an̪t̪e,আনতে,ɐnt̪e,আনতে,ɐnt̪e,আনতে,ɐnt̪e,আইনতো,ɐ͡ɪ̯nt̪o,আইনতো,ɐ͡ɪ̯nt̪o,Bring,"moz-g-o-, moz-g-en-, mos-k-o-",brain
আনবো,an̪bo,আনমু,ɐnmu,আনতাম,ɐnt̪ɐm,আনবাম,ɐnbɐm,আইনগুম,ɐ͡ɪ̯ngum,হনক্কিসু,hɔnokkɪʃu,Bring,"moz-g-o-, moz-g-en-, mos-k-o-",brain
আনলে,an̪l̪e,আনলে,ɐnole,আনলে,ɐnole,আনলে,ɐnole,আইনলে,ɐ͡ɪ̯nle,বেক্কুনলায়,bekkunlɐe̯,Bring,"moz-g-o-, moz-g-en-, mos-k-o-",brain
আনে,an̪e,আনে,ɐne,আনইন,ɐnɪn,আনে,ɐne,কিছু,kɪcʰu,কিছু,kɪcʰu,Bring,"moz-g-o-, moz-g-en-, mos-k-o-",brain
আপনজন,apɔn̪ɔd͡ʑɔn̪ɔ,ম্যালা,kɐcʰeɾ,খত,kʰɔt̪o,আপনজন,ɐponɟɔn,আর,ɐɾ,আফনজনন,ɐfonzɔnon,Relative,pāsó-s,a relative
আপেল,apel̪ɔ,আফেল,ɐpʰel,আপেল,ɐpel,আপেল,ɐpel,আপেল,ɐpel,আফেল,ɐfel,Apple,"ā̆bel-, ā̆bō̆l-, abel-",apple
আবহাওয়টা,abɔhaoe̯ta,আবহাওয়াডা,ɐbohɐ͡o̯ʷɐdɐ,ওর,oɾ,আবহাওয়টা,ɐbohɐ͡o̯ʷtɐ,আবহাওয়াই,ɐbohɐ͡o̯ʷɐ͡ɪ̯,আবহাওয়াওয়ান,ɐbohɐ͡o̯ʷɐ͡o̯ʷɐn,Weather,letro-,leather
আবহাওয়া,abɔhaoe̯a,আবহাওয়া,ɐbohɐ͡o̯ʷɐ,আবহাওয়া,ɐbohɐ͡o̯ʷɐ,আবহাওয়া,ɐbohɐ͡o̯ʷɐ,আবহাওয়া,ɐbohɐ͡o̯ʷɐ,আবহাওয়া,ɐbohɐ͡o̯ʷɐ,Weather,letro-,leather
আবহাওয়া,abɔhaoe̯a,আবহাওয়া,ɐbohɐ͡o̯ʷɐ,আবহাওয়া,ɐbohɐ͡o̯ʷɐ,আবহাওয়া,ɐbohɐ͡o̯ʷɐ,ও,o,আবহাওয়া,ɐbohɐ͡o̯ʷɐ,Weather,letro-,leather
আব্বা,abba,আব্বায়,ɐbbɐe̯,আব্বা,ɐbbɐ,আব্বা,ɐbbɐ,কাইল্গা,kɐ͡ɪ̯lgɐ,আর,ɐɾ,Father,"pətḗ(r), genitive pətr-és",father
আব্বু,abbu,আব্বায়,ɐbbɐe̯,আব্বা,ɐbbɐ,আব্বা,ɐbbɐ,আব্বা,ɐbbɐ,আব্বু,ɐbbu,Father,"pətḗ(r), genitive pətr-és",father
আব্বুর,abburɔ,আব্বার,ɐbbɐɾ,বাফর,bɐpʰɔɾ,আব্বার,ɐbbɐɾ,আব্বার,ɐbbɐɾ,আব্বু্তুন,ɐbbut̪un,Father,"pətḗ(r), genitive pətr-és",father
আমকে,amke,আমরে,ɐmɾe,আমকে,ɐmke,আমরে,ɐmɾe,আরে,ɐɾe,আমরে,ɐmɾe,Ame,"en(o)mn̥-, (o)nomn̥, nōmn̥",name
আমরা,amra,মোরা,moɾɐ,খুব,kʰub,আমরা,d̪ekʰbo,আন্ডা,ɐndɐ,আরা,ɐɾɐ,We,"3 ne-, nō-, plural nē̆s-, nō̆s-",we
আমরাই,amrai,মোরা,moɾɐ,আমরাউ,ɐmɾɐ͡u̯,আমরাই,ɐmɾɐ͡ɪ̯,আমরাই,ɐmɾɐ͡ɪ̯,আঁরাই,ɐ̃ɾɐ͡ɪ̯,We,"3 ne-, nō-, plural nē̆s-, nō̆s-",we
আমিতো,amit̪o,মুই,mu͡ɪ̯,আমিতো,ɐmɪt̪o,আমিতো,ɐmɪt̪o,আই,ɐ͡ɪ̯,আঁই,ɐ̃ɪ,Wee,"3 ne-, nō-, plural nē̆s-, nō̆s-",we
ফোন,ɸon̪ɔ,ফোন,pʰon,মুবাইল,mubɐ͡ɪ̯l,ফোন,pʰon,ফোন,pʰon,ফোন,fon,Phone,"meli-t, genitive mel-nés",honey
বছর,bɔt͡ɕʰɔrɔ,বছর,bɔcʰoɾ,বছর,bɔcʰoɾ,বছর,bɔcʰoɾ,দুই,d̪u͡ɪ̯,আগে,ɐge,Year,2 en-,year
বছরই,bɔt͡ɕʰɔri,বচ্ছরই,bɔccʰoɾɪ,মিলে,mɪle,বছরই,bɔcʰoɾɪ,সারাবছরই,ʃɐɾɐbcʰoɾɪ,বছরত,bɔcʰoɾɔt̪o,Yearly,2 en-,year
বছরে,bɔt͡ɕʰɔre,বছর,bɔcʰoɾ,বছর,bɔcʰoɾ,বছরে,bɔcʰoɾe,আইজ,ɐ͡ɪ̯ɟ,লতি,lot̪ɪ,Yearly,2 en-,year
বছরের,bɔt͡ɕʰɔrer,বছরের,bɔcʰoɾeɾ,বছরর,bɔcʰoɾɔɾ,বছরের,bɔcʰoɾeɾ,বছরের,bɔcʰoɾeɾ,বচরর,bɔcɾɔɾ,Year,2 en-,year
বছরের,bɔt͡ɕʰɔrerɔ,বছরের,bɔcʰoɾeɾ,বছরের,bɔcʰoɾeɾ,বছরের,bɔcʰoɾeɾ,বছরে,bɔcʰoɾe,বছরর,bɔcʰoɾɔɾ,Year,2 en-,year
বর্তমানে,bɔrt̪ɔman̪e,এই,e͡ɪ̯,এখনকু,ɛkʰonku,বর্তমানে,pɾem,এ,e,বর্তমান,bɔɾt̪omɐn,Now,nū̆-,now
বলেছি,bɔl̪et͡ɕʰi,কইছি,ko͡ɪ̯cʰɪ,কইছলাম,ko͡ɪ̯cʰɔlɐm,কইসি,ko͡ɪ̯ʃɪ,কইছি,ko͡ɪ̯cʰɪ,হয়্যি,hokɪ,Stated,sā-ti-,satiated
বহুকালের,bɔhukal̪erɔ,বহুকালের,bohukɐleɾ,বউতকাল,bɔ͡u̯t̪ɔkɐl,মেলাকালের,melɐkɐleɾ,বহুকালের,bohukɐleɾ,বহুকালোর,bohukɐloɾ,Long,5 del-,long
বাঁচার,bɔ̃t͡ɕarɔ,বাচার,bɐcɐɾ,বাঁচার,bɐ̃cɐɾ,বাঁচার,bɐ̃cɐɾ,বাইচবার,bɐ͡ɪ̯cbɐɾ,দিউম,d̪ɪ͡u̯m,Live,"i̯ē̆ku̯-r̥(t-), genitive i̯eku̯-n-és",liver
বাঁচুন,bɔ̃t͡ɕun̪,বাচেন,bɐcen,বাচইন,bɐco͡ɪ̯n,বাঁচেন,bɐ̃cen,বাঁচেন,bɐ̃cen,বাসন,bɐʃon,Alive,"i̯ē̆ku̯-r̥(t-), genitive i̯eku̯-n-és",liver
বাঁচে,bɔ̃t͡ɕe,বাচে,bɐce,বাচে,bɐce,বাঁচে,bɐ̃ce,বাচে,bɐce,ন,nɔ,Alive,"i̯ē̆ku̯-r̥(t-), genitive i̯eku̯-n-és",liver
বাড়তে,baɽt̪e,বাড়তেই,bɐɽt̪e͡ɪ̯,বাড়তেউ,bɐɽt̪e͡u̯,বাড়তে,bɐɽt̪e,অশান্তি,ɔʃɐnt̪ɪ,বাড়াত,bɐɽɐt̪,To grow,i̯ā-,to go
বাড়ি,baɽi,বাড়ি,bɐɽɪ,ওর,oɾ,বাড়ি,bɐɽɪ,ব্যাই,bɛ͡ɪ̯,গর,gɔɾ,House,ek̑u̯o-s,horse
বাড়িতে,baɽit̪e,বাড়িতে,bɐɽɪt̪e,বাড়িত,bɐɽɪt̪o,বাড়িত,bɐɽɪt̪o,ব্যাইত,bɛ͡ɪ̯t̪o,গরোত,gɔɾot̪,House,ek̑u̯o-s,horse
বাড়ির,baɽirɔ,বাড়ির,bɐɽɪɾ,বাড়ির,bɐɽɪɾ,বাড়ির,bɐɽɪɾ,বাড়ির,bɐɽɪɾ,বাড়ির,bɐɽɪɾ,House,ek̑u̯o-s,horse
বানাতে,ban̪at̪e,বানাইতে,bɐnɐ͡ɪ̯t̪e,বানাইতো,bɐnɐ͡ɪ̯t̪o,বানাইতে,bɐnɐ͡ɪ̯t̪e,চায়,cɐe̯,বানাইতো,bɐnɐ͡ɪ̯t̪o,To make,1 dek̑-,to take
বাপ!,bapɔ!,বাপ,bɐp,বাফ!,bɐpʰ!,বাপ!,bɐp!,বাপ!,bɐp!,বাপ,bɐp,Father!,"pətḗ(r), genitive pətr-és",father
বাপের,baperɔ,বাফের,bɐpʰeɾ,বাফ,bɐpʰ,বাপের,bɐpeɾ,বাপের,bɐpeɾ,বাফোর,bɐfoɾ,Father,"pətḗ(r), genitive pətr-és",father
বাবা,baba,বাপ,bɐp,বাপ,bɐp,বাপ,bɐp,বাপ-মার,bɐp-mɐɾ,বাফ,bɐf,Father,"pətḗ(r), genitive pətr-és",father
বাবাকে,babake,বাপেরে,bɐpeɾe,বাফরে,bɐpʰɔɾe,আব্বারে,ɐbbɐɾe,হেতের,het̪eɾ,বাবারত,bɐbɐɾɔt̪o,Father,"pətḗ(r), genitive pətr-és",father
বাবার,babarɔ,বাপের,bɐpeɾ,বাফর,bɐpʰɔɾ,বাপের,bɐpeɾ,বাবার,bɐbɐɾ,বাফর,bɐpʰɔɾ,Father,"pətḗ(r), genitive pətr-és",father
বালি,bal̪i,বালু,bɐlu,বালু,bɐlu,বালি,bɐlɪ,বালি,bɐlɪ,বালু,bɐlu,Sand,2 kai,and
বাসা,bas̪a,বাড়ি,bɐɽɪ,বাসা,bɐʃɐ,বাসা,bɐʃɐ,বাসা,bɐʃɐ,বাসা,bɐʃɐ,House,ek̑u̯o-s,horse
বাড়ি,baɽi,বাড়ি,d̪ɪʲɐ,বাড়িত,bɐɽɪt̪o,বাড়ি,bɐɽɪ,মাইত্তুন,mɐ͡ɪ̯t̪t̪un,বারি,bɐɾɪ,House,ek̑u̯o-s,horse
বাড়িতে,baɽit̪e,বাড়ি,bɐɽɪ,যাইয়ার,ɟɐ͡ɪ̯ʲɐɾ,বাড়িত,bɐɽɪt̪o,যাইয়ের,zɐ͡ɪ̯ʲeɾ,বারিত,bɐɾɪt̪ɔ,House,ek̑u̯o-s,horse
বাড়ির,baɽirɔ,বাড়ির,bɐɽɪɾ,বাড়ির,bɐɽɪɾ,বাড়ির,bɐɽɪɾ,বাড়ির,e͡ɪ̯,বাড়ির,bɐɽɪɾ,House,ek̑u̯o-s,horse
বিক্রি,bikri,বেইচ্চা,be͡ɪ̯ccɐ,বাড়িত,bɐɽɪt̪o,বিক্রি,bɪkɾɪ,বেসি,beʃɪ,বেচিয়েরে,becɪʲeɾe,Selling,gu̯et-,swelling
বিপদ,bipɔd̪ɔ,বিপদ,bɪpɔd̪,বিফদ,bɪpʰɔd̪,বিপদ,bɪpɔd̪,বিফদ,bɪpʰɔd̪,বিফদ,bɪfɔd̪,Hazard,"3 kar-, reduplicated karkar-",hard
বিশ,biɕɔ,এর,eɾ,বিষ,bɪʃ,বিশ,bɪʃ,বিষের,bɪʃeɾ,বিশ,bɪʃ,Twenty,u̯ī-k̑m̥t-ī,twenty
বুঝবেনা,bud͡ʑ̤ben̪a,বোঝবেনা,boɟʱbenɐ,বুঝতো,buɟʱt̪o,বুঝবনা,buɟʱbonɐ,বুইঝতো,bu͡ɪ̯zʱɔt̪o,নো,no,Understand,"pret-, prō̆t-",to understand
বুঝলাম,bud͡ʑ̤l̪amɔ,বোঝলাম,boɟʱlɐm,যে,ze,বুঝলাম,buɟʱlɐm,যে,ze,বুইজ্জি,bu͡ɪ̯zzɪ,Understand,"pret-, prō̆t-",to understand
বুঝাবো,bud͡ʑ̤abo,তোমারে,t̪omɐɾe,বুঝাইমু,buɟʱɐ͡ɪ̯mu,বুঝামু,buɟʱɐmu,তরে,t̪ɔɾe,আই,ɐ͡ɪ̯,Understand,"pret-, prō̆t-",to understand
বুঝি,bud͡ʑ̤i,বুজি,buɟɪ,বুজি,buzɪ,বুঝি,buɟʱɪ,বুজি,buɟɪ,বুজি,buzɪ,Understand,"pret-, prō̆t-",to understand
বুঝেনা,bud͡ʑ̤en̪a,বোঝে,boɟʱe,বুঝে,buɟʱe,বুঝেনা,buɟʱenɐ!,বুঝে,buɟʱe,ন,nɔ,Not understand,"pret-, prō̆t-",to understand
বুঝো,bud͡ʑ̤o,বোঝো,boɟʱo,বুঝো,buɟʱo,বুঝো,buɟʱo,বুঝো,buɟʱo,ন,nɔ,Understand,"pret-, prō̆t-",to understand
বৃষ্টি,bɽiʂti,বইশ্যা,bo͡ɪ̯ʃʃɐ,বৃষ্টি,bɾɪʃtɪ,বৃষ্টি,bɾɪʃtɪ,বৃষ্টি,bɾɪʃtɪ,বিষ্টি,bɪʃtɪ,Rain,"moz-g-o-, moz-g-en-, mos-k-o-",brain
বৃষ্টির,bɽiʂtirɔ,বইষ্যার,bo͡ɪ̯ʃʃɐɾ,বৃষ্টির,bɾɪʃtɪɾ,বৃষ্টির,bɾɪʃtɪɾ,বৃষ্টির,bɾɪʃtɪɾ,যরর,zɔɾoɾ,Rainy,"moz-g-o-, moz-g-en-, mos-k-o-",brain
বেঁচে,beঁt͡ɕe,বাইচ্চা,bɐ͡ɪ̯ccɐ,ছাড়া,cʰɐɽɐ,বাইচ্চা,bɐ͡ɪ̯ccɐ,বাচন,bɐcon,বাচি,bɐcɪ,Alive,"i̯ē̆ku̯-r̥(t-), genitive i̯eku̯-n-és",liver
বেচে,bet͡ɕe,বাইচ্চা,bɐ͡ɪ̯ccɐ,বাছিয়া,bɐcʰɪʲɐ,বাইচ্চা,bɐ͡ɪ̯ccɐ,বাঁচি,bɐ̃cɪ,বাসি,bɐʃɪ,Alive,"i̯ē̆ku̯-r̥(t-), genitive i̯eku̯-n-és",liver
বেলা,bel̪a,বেলা,belɐ,বেলা,belɐ,বাদে,bɐd̪e,ঘুইত্তো,gʱu͡ɪ̯t̪t̪o,ঘুইরতে,gʱu͡ɪ̯ɾt̪e,Day,"āmer-, āmōr, āmr̥",day
বেলাতেও,bel̪at̪eo,কালেও,kɐle͡o̯,ওর,oɾ,বেলাতেও,belɐt̪e͡o̯,বেলাত,belɐt̪,অর,ɔɾ,Even,septm̥,seven
বোঝা,bod͡ʑ̤a,বোঝা,boɟʱɐ,বুজা,buɟɐ,বুঝান,buɟʱɐn,দেখলে,d̪ekʰle,বোযা,bozɐ,Understand,"pret-, prō̆t-",to understand
বোন,bon̪ɔ,বুইন,bu͡ɪ̯n,বোইন,boʲɔn,বইন,bo͡ɪ̯n,ছোডগা,cʰodgɐ,বইন,bo͡ɪ̯n,Sister,su̯esor-,sister
বোনও,bon̪o,বুইনও,bu͡ɪ̯no,বইনেও,bo͡ɪ̯ne͡o̯,বইনও,bo͡ɪ̯no,বোনও,bono,ভোইনও,vo͡ɪ̯no,Sister,su̯esor-,sister
বোনকে,bon̪ke,বুইনেরে,bu͡ɪ̯neɾe,বোইনকে,boʲɔnke,বোইনরে,boʲɔnoɾe,ভোইনরে,bʱo͡ɪ̯nɾe,বইনরে,bo͡ɪ̯noɾe,Sister,su̯esor-,sister
বোনটি,bon̪ti,বুইনডা,bu͡ɪ̯ndɐ,বোইনটা,boʲɔntɐ,বইনডা,bɔ͡ɪ̯ndɐ,কোনো,kono,বইন,bo͡ɪ̯n,Sister,su̯esor-,sister
বোনের,bon̪erɔ,বুইনের,bu͡ɪ̯neɾ,বইনর,bo͡ɪ̯nɔɾ,বোইনের,boʲɔneɾ,আফার,ɐpʰɐɾ,বইনোর,bo͡ɪ̯noɾ,Sister,su̯esor-,sister
বোলো,bol̪o,কইও,ko͡ɪ̯o,মাতিও,mɐt̪ɪ͡o̯,কইয়ো,ko͡ɪ̯ʲo,কইছ,ko͡ɪ̯cʰo,নো,no,Bowl,"5 g̑her-, g̑hor-nā",bowels
ভয়,b̤e̯ɔ,ডরাইয়া,dɔɾɐ͡ɪ̯ʲɐ,ডরাই,dɔɾɐ͡ɪ̯,ভয়,bʱɔe̯,ডরাই,dɔɾɐ͡ɪ̯,ডর,dɔɾ,Fear,2 ōus- : əus- : us-,ear
ভয়ে,b̤e̯e,ডরে,doɾe,সময়,ʃɔmɔe̯,ভয়ে,bʱɔʲe,সময়,ʃɔmɔe̯,ডরে,doɾe,Fear,2 ōus- : əus- : us-,ear
ভাত,b̤at̪ɔ,ভাত,bʱɐt̪,বেলা,belɐ,ভাত,bʱɐt̪,ভাত,bʱɐt̪,বেলা,belɐ,Rice,u̯es-no-,price
ভাবতে,b̤abt̪e,ভাবতে,bʱɐbt̪e,ভাবতে,bʱɐbt̪e,ভাবতে,bʱɐbt̪e,ভাইবদো,bʱɐ͡ɪ̯bd̪o,বাবিত,bɐbɪt̪o,To think,"smerd-, smord-",to stink
ভাববেন,b̤abben̪ɔ,ভাববেন,bʱɐbben,ভাববা,vɐbbɐ,ভাববেন,bʱɐbben,ভাবিয়েন,nɐ,ন,nɔ,Think,"tenu-s, tenu-s",thin
ভাল,b̤al̪,ভালো,bʱɐlo,ভালা,bʱɐlɐ,ভালা,bʱɐlɐ,ভালা,bʱɐlɐ,গম,gɔm,Good,u̯ē̆su-,good
ভাল,b̤al̪ɔ,ভালো,bʱɐlo,ভালা,bʱɐlɐ,ভাল,bʱɐlo,চায়,cɐe̯,গম,gɔm,Good,u̯ē̆su-,good
ভালবাসি,b̤al̪bas̪i,ভালপাই,bʱɐlpɐ͡ɪ̯,অতো,ɔt̪o,ভালবাসি,bʱɐlbɐʃɪ,বালাবাশি,bɐlɐbɐʃɪ,বালবাসি,bɐlbɐʃɪ,Loving,5 del-,long
ভালবাসো,b̤al̪bas̪o,ভালোবাসো?,bʱɐlobɐʃo?,বালা,bɐlɐ,ভালবাস,bʱɐlbɐʃ?,ভালোবাসো,bʱɐlobɐʃo,বালবাসো,bɐlbɐʃo,Loving,5 del-,long
ভালো,b̤al̪o,ভালো,bʱɐlo,ভালা,bʱɐlɐ,ভালা,bʱɐlɐ,ভালা,bʱɐlɐ,ভালো,vɐlo,Good,u̯ē̆su-,good
ভালো?,b̤al̪o?,ভালো?,bʱɐlo?,বালা,bɐlɐ,ভালা?,bʱɐlɐ?,ভালা,bʱɐlɐ,বালা,bɐlɐ,Good,u̯ē̆su-,good
ভালোবাসত,b̤al̪obas̪ɔt̪ɔ,ভালবাসতে,bʱɐlbɐʃt̪e,বালা,bɐlɐ,ভালোবাসত,bʱɐlobɐʃt̪o,ভালোবাসত,bʱɐlobɐʃt̪o,গইত্তে,gɪt̪t̪e,Loving,5 del-,long
ভালোবাসতো,b̤al̪obas̪t̪o,ভালোবাসতে,bʱɐlobɐʃt̪e,পাইতো,pɐ͡ɪ̯t̪o,ভালবাসতো,bʱɐlbɐʃt̪o,ভালোব্যাইসত,bʱɐlobɛ͡ɪ̯ʃɔt̪o,বালো,bɐlo,Loving,5 del-,long
ভালোবাসো,b̤al̪obas̪o,ভালবাসো,bʱɐlbɐʃo,ভালোফাও,bʱɐlopʰɐ͡o̯,ভালোবাস,bʱɐlobɐʃ,ভালোবাসো,bʱɐlobɐʃo,ভালোবাসো,vɐlobɐʃo,Loving,5 del-,long
ভালোর,b̤al̪orɔ,ভালোর,bʱɐloɾ,ভালার,bʱɐlɐɾ,ভালোর,bʱɐloɾ,ভালার,bʱɐlɐɾ,ভালোর,vɐloɾ,Good,u̯ē̆su-,good
ভয়,b̤e̯ɔ,ভয়,bʱɔe̯,ডর,dɔɾ,ভয়,bʱɔe̯,ভয়,vɔe̯,ডর,dɔɾ,Fear,2 ōus- : əus- : us-,ear
ভয়ে,b̤e̯e,ডরে,doɾe,মামলা,mɐmlɐ,ভয়ে,bʱɔʲe,ভয়ে,bʱɔʲe,ভয়ে,voʲe,Fear,2 ōus- : əus- : us-,ear
মধ্যে,mɔd̪̤d͡ze,লগে,lɔge,মধ্যে,mod̪d̪ʱe,ছেড়াটারে,cʰeɽɐtɐɾe,মইদ্ধ্যে,mo͡ɪ̯d̪d̪ʱe,মাযে,mɐze,In,1 en,in
মধ্যেই,mɔd̪̤d͡zei,মইধ্যেই,mo͡ɪ̯d̪d̪ʱe͡ɪ̯,মাঝে,mɐɟʱe,মধ্যেই,mod̪d̪ʱe͡ɪ̯,মইধ্যে,mo͡ɪ̯d̪d̪ʱe,ভিতরত,vɪt̪ɾɔt̪o,In,1 en,in
মরে,mɔre,মইরা,mo͡ɪ̯ɾɐ,পড়িয়া,poɽɪʲɐ,মইরা,mo͡ɪ̯ɾɐ,মরি,moɾɪ,মরি,moɾɪ,Death,"4 er-, er-t-, er-u̯-",earth
মা,ma,মা,mɐ,মাই,mɐ͡ɪ̯,মা,mɐ,বাইচ্চার,bɐ͡ɪ̯ccɐɾ,মা,mɐ,Mother,mātér-,mother
মাকে,make,মায়রে,mɐʲɾe,মাই,mɐ͡ɪ̯,মা,mɐ,মারে,mɐɾe,তার,t̪ɐɾ,Mother,mātér-,mother
মাছ,mat͡ɕʰ,মাছ,mɐcʰ,তাকি,t̪ɐkɪ,মাছ,mɐcʰ,মাছ,mɐcʰ,মাচ,mɐc,Fish,"peisk-, pisk-",fish
মাছ,mat͡ɕʰɔ,মাছ,mɐcʰ,মাছ,mɐcʰ,মাছ,mɐcʰ,মাছ,mɐcʰ,ভাজা,vɐzɐ,Fish,"peisk-, pisk-",fish
মাছগুলি,mat͡ɕʰɡul̪i,মাছ,mɐcʰ,মাছ,mɐcʰ,মাছগুলা,mɐcʰgulɐ,মাছগুন,mɐcʰgun,মাচ্চুন,mɐccun,Fish,"peisk-, pisk-",fish
মাছটি,mat͡ɕʰti,মাছটা,mɐcʰtɐ,মাছটক,mɐcʰtok,মাছটা,mɐcʰtɐ,দেখবার,d̪ekʰbo͡ɐ̯ɾ,মাস,mɐʃ,Fish,"peisk-, pisk-",fish
মাছের,mat͡ɕʰerɔ,মাছের,mɐcʰeɾ,মাছের,mɐcʰeɾ,মাছের,mɐcʰeɾ,মাছের,mɐcʰeɾ,মাসর,mɐʃoɾ,Fish,"peisk-, pisk-",fish
মাটির,matirɔ,মাডির,mɐdɪɾ,মাটির,mɐtɪɾ,মাডির,mɐdɪɾ,মাটির,hɐt̪ɪle,তারা,t̪ɐɾɐ,Earthen,"4 er-, er-t-, er-u̯-",earth
মাথা,mat̪ʰa,মাথা,mɐt̪ʰɐ,মাথা,mɐt̪ʰɐ,মাথা,mɐt̪ʰɐ,মাতা,mɐt̪ɐ,মাথা,mɐt̪ʰɐ,Head,kap-ut,head
মাধ্যমে,mad̪̤d͡zɔme,মাইধ্যমে,mɐ͡ɪ̯d̪d̪ʱome,মাইধ্যমে,mɐ͡ɪ̯d̪d̪ʱome,মাধ্যমে,mɐd̪d̪ʱome,মাধ্যমে,mɐd̪d̪ʱome,মাদ্যমে,mɐd̪d̪ome,Through,aldh-,trough
মানি,man̪i,টাহা,tɐhɐ,ওর,oɾ,মানি,mɐnɪ,মানি,mɐnɪ,মানি,mɐnɪ,Money,"meli-t, genitive mel-nés",honey
মায়ের,mae̯erɔ,মায়ের,mɐʲeɾ,মাই,mɐ͡ɪ̯,মায়ের,mɐʲeɾ,মার,mɐɾ,মার,mɐɾ,Mother,mātér-,mother
মারাত্মক,marat̪mɔkɔ,কঠিন,kotʰɪn,ব্যবহার,bɛbohɐɾ,মারাত্মক,ɾogeɾ,মারাত্মক,mɐɾɐt̪t̪ok,মারাত্মক,ɾogoɾ,Fierce,āt(e)r-,fire
মায়ের,mae̯erɔ,মায়ের,mɐʲeɾ,মাইয়ের,mɐ͡ɪ̯ʲeɾ,মায়ের,mɐʲeɾ,মার,mɐɾ,মায়ের,mɐʲeɾ,Mother,mātér-,mother
মিথ্যা,mit̪ʰd͡za,মিছা,mɪcʰɐ,মিথ্যা,mɪt̪t̪ʰɐ,মিথ্যা,mɪt̪t̪ʰɐ,মিথ্যা,mɪt̪t̪ʰɐ,মিসা,mɪsɐ,False,ghau̯o-,false
মুড়ি,muɽi,বানাও,bɐnɐ͡o̯,মুরি,muɾɪ,মুড়ি,bɐnɐ͡o̯,বানাও,bɐnɐ͡o̯,মুড়ি,muɽɪ,Fist,pn̥ksti-,fist
মৃত্যু,mɽit̪d͡zu,মরন,mɔɾon,মরণ,mɔɾon,মৃত্যু,mɾɪt̪t̪u,হইত্তেকটা,ho͡ɪ̯t̪t̪ektɐ,রতিকান,ɾot̪ɪkɐn,Death,"4 er-, er-t-, er-u̯-",earth
মৃত্যুকে,mɽit̪d͡zuke,মরন,mɔɾon,মরণরে,mɔɾonoɾe,মৃত্যুরে,mɾɪt̪t̪uɾe,মৃত্যুরে,mɾɪt̪t̪uɾe,মৃত্যুরে,mɾɪt̪t̪uɾe,Death,"4 er-, er-t-, er-u̯-",earth
যাইনি,d͡zain̪i,যায়নাই,ɟɐʲnɐ͡ɪ̯,ইস্কুলো,ɪskulo,যায়,ɟɐe̯,যায়নো,ɟɐʲno,নো,no,No,nū̆-,now
যাও,d͡zao,যাও,ɟɐ͡o̯,ওউ,o͡u̯,যাও,ɟɐ͡o̯,ঘুমাই,gʱumɐ͡ɪ̯,য,z,In,1 en,in
যাবতীয়,d͡zabt̪ie̯ɔ,যাবতীয়,ɟɐbot̪ɪʲo,সব,ʃɔb,যাবতীয়,ɟɐbot̪ɪʲo,যাবতীয়,ɟɐbot̪ɪʲo,বেয়াক,beʲɐk,All,bis-(t)li-,gall
যার,d͡zarɔ,যার,ɟɐɾ,যেগুর,ɟeguɾ,যার,ɟɐɾ,অআছিলো,ɔ͡ɐ̯cʰɪlo,যার,ɟɐɾ,Whose,ek̑u̯o-s,horse
যায়না,d͡zae̯n̪a,যায়না,ɟɐʲnɐ,যায়,ɟɐe̯,যায়না,ɟɐʲnɐ,জায়না,zɐʲnɐ,দন,d̪ɔn,No,nū̆-,now
যায়নি,d͡zae̯n̪i,যায়নাই,ɟɐʲnɐ͡ɪ̯,আইজো,ɐ͡ɪ̯ɟo,যায়নাই,ɟɐʲnɐ͡ɪ̯,যায়নো,ɟɐʲno,আইযো,ɐ͡ɪ̯zo,No,nū̆-,now
যে,d͡ze,যেই,mɐnudɐɾe,যে,ɟe,যেয়,ɟee̯,যে,ɟe,যে,ze,That,"eno-, possibly e-no- : ono- : no- : -ne-",that
যেগুলো,d͡zeɡul̪o,যেইডি,ɟe͡ɪ̯dɪ,যেতক,ɟet̪ok,যেগুলা,ɟegulɐ,করে,koɾe,যিন,zɪn,Those,ek̑u̯o-s,horse
যেটি,d͡zeti,হেইডা,he͡ɪ̯dɐ,যেটা,ɟetɐ,যেইডা,ɟe͡ɪ̯dɐ,লাউ,lɐ͡u̯,যিবা,zɪbɐ,That,"eno-, possibly e-no- : ono- : no- : -ne-",that
যেত,d͡zet̪ɔ,যাইতে,ɟɐ͡ɪ̯t̪e,আবার,ɐbɐɾ,যাইত,ɟɐ͡ɪ̯t̪o,যাইতো,ɟɐ͡ɪ̯t̪o,যাইতো,zɐ͡ɪ̯t̪o,Could,"oug-, ou-?",cold
রক্ত,rɔkt̪ɔ,রক্ত,ɾɔkt̪o,রক্ত,ɾɔkt̪o,রক্ত,ɾɔkt̪o,রক্ত,ɾɔkt̪o,রক্ত,ɾɔkt̪o,Blood,"ē̆s-r̥(gu̯), genitive es-n-és",blood
রাত,rat̪ɔ,রাইত,ɾɐ͡ɪ̯t̪o,রাইত,ɾɐ͡ɪ̯t̪o,রাত,ɾɐt̪,রাইত,ɾɐ͡ɪ̯t̪o,রাইত,ɾɐ͡ɪ̯t̪o,Night,"neku̯-(t-), noku̯-t-s",night
রাতে,rat̪e,রাইতে,ɾɐ͡ɪ̯t̪e,মদ,mɔd̪,রাতে,ɾɐt̪e,রাইচ্চা,ɾɐ͡ɪ̯ccɐ,ন,nɔ,Night,"neku̯-(t-), noku̯-t-s",night
রাতের,rat̪erɔ,রাইতের,ɾɐ͡ɪ̯t̪eɾ,রাইতর,ɾɐ͡ɪ̯t̪ɔɾ,রাতের,ɾɐt̪eɾ,রাইতকা,ɾɐ͡ɪ̯t̪kɐ,রাইতর,ɾɐ͡ɪ̯t̪ɔɾ,Night,"neku̯-(t-), noku̯-t-s",night
রাস্তার,ras̪t̪arɔ,রাস্তার,ɾɐst̪ɐɾ,রাস্তার,ɾɐst̪ɐɾ,রাস্তার,ɾɐst̪ɐɾ,রাস্তার,ɾɐst̪ɐɾ,রাস্তাত,ɾɐst̪ɐt̪,Street,"nogu̯o-, or nagu̯o-",tree
রেখো,rekʰo,রাইখো,ɾɐ͡ɪ̯kʰo,মনো,mono,রাইখখো,ɾɐ͡ɪ̯kʰkʰo,রাখিও,ɾɐkʰɪ͡o̯,রাইক্কো,ɾɐ͡ɪ̯kko,Read,reudh-,red
রেলগাড়ি,rel̪ɡaɽi,রেলগাড়ি,ɾelgɐɽɪ,রেলগাড়ি,ɾelgɐɽɪ,রেলগাড়ি,ɾelgɐɽɪ,রেলগাড়ি,ɾelgɐɽɪ,রেলগাড়ি,ɾelgɐɽɪ,Train,"moz-g-o-, moz-g-en-, mos-k-o-",brain
লম্বা,l̪ɔmba,একছের,ɛkcʰeɾ,লাম্বা,lɐmbɐ,লম্বা,lɔmbɐ,লম্ফা,lɔmpʰɐ,লম্বা,lɔmbɐ,Tall,ghom-,stall
লাগলে,l̪aɡl̪e,লাগলে,lɐgle,না,nɐ,লাগলে,lɐgle,লাইগলে,lɐ͡ɪ̯gɔle,লাগিলে,lɐgɪle,In,1 en,in
লাগে,l̪aɡe,লাগে,lɐge,লাগে,lɐge,লাগে,lɐge,লাগে,lɐge,লাগে,lɐge,Take,3 su̯er-,stake
লাল,l̪al̪ɔ,লাল,lɐl,লাল,lɐl,লাল,lɐl,গোলাপ,golɐp,লাল,lɐl,Red,reudh-,red
শক্ত,ɕɔkt̪ɔ,আইট,ɐ͡ɪ̯t,শক্ত,ʃɔkt̪o,শক্ত,ʃɔkt̪o,শক্ত,ʃɔkt̪o,ইবা,ɪbɐ,Hard,"3 kar-, reduplicated karkar-",hard
শব্দ,ɕɔbd̪ɔ,রাশিয়ান,ɾɐʃɪʲɐn,শব্দ,ʃɔbd̪o,শব্দ,ʃɔbd̪o,শব্দ,ʃɔbd̪o,শব্দ,ʃɔbd̪o,Word,n̥si-s,sword
শিম,ɕimɔ,উশ্যি,uʃʃɪ,উরি,uɾɪ,শিম,ʃɪm,শিম,ʃɪm,শিম,ʃɪm,Bean,bhabhā,bean
শিমের,ɕimerɔ,উশ্যির,uʃʃɪɾ,উরি,uɾɪ,শিমের,ʃɪmeɾ,তরকারি,t̪ɔɾkɐɾɪ,ইবা,ɪbɐ,Bean,bhabhā,bean
শুনিছি,ɕun̪it͡ɕʰi,হুনছি,huncʰɪ,হুনছি,huncʰɪ,হুনছি,huncʰɪ,যে,ɟe,ফুইন্নি,fu͡ɪ̯nnɪ,Heard,kap-ut,head
শুনেছি,ɕun̪et͡ɕʰi,হুনছি,huncʰɪ,হুনছি,huncʰɪ,হুনছি,huncʰɪ,হুনিয়ের,hunɪʲeɾ,ফুইন্নি,fu͡ɪ̯nnɪ,Heard,kap-ut,head
শুরু,ɕuru,শুরু,ʃuɾu,অয়,ɔe̯,শুরু,ʃuɾu,শুরু,ʃuɾu,ফরা,fɔɾɐ,Start,2 stē̆r-,star
শুরুটা,ɕuruta,শুরুডা,ʃuɾudɐ,কুন্তার,kunt̪ɐɾ,শুরুডা,ʃuɾudɐ,শুরুটা,ʃuɾutɐ,শুরু,ʃuɾu,Start,2 stē̆r-,star
শেয়ার,ɕee̯arɔ,সেয়ার,ʃeʲɐɾ,শেয়ার,ʃeʲɐɾ,শেয়ার,ʃe,শেয়ার,ʃeʲɐɾ,হতা,hɔt̪ɐ,Share,2 bhag-,sharp
সংসারের,s̪ɔŋs̪arerɔ,সংসারের,ʃɔŋʃɐɾeɾ,সংসারর,ʃɔŋʃɐɾoɾ,সংসারের,ʃɔŋʃɐɾeɾ,দায়িত্ব,d̪ɐʲɪt̪t̪o,তার,t̪ɐɾ,World,n̥si-s,sword
সকল,s̪ɔkɔl̪ɔ,হগল,hɔgol,হক্কল,hokkol,সকল,ʃɔkol,বেক,bek,বেজ্ঞিন,beggɪn,All,bis-(t)li-,gall
সঠিক,s̪ɔtʰikɔ,ঠিক,tʰɪk,হাছা,hɐcʰɐ,সঠিক,ʃɔtʰɪk,ঠিক,tʰɪk,টিক,tɪk,Right,"neku̯-(t-), noku̯-t-s",night
সব,s̪ɔbɔ,হগল,hɔgol,সব,ʃɔb,সপ্নের,ʃɔpneɾ,বেক,bek,এগাজা,ɛgɐzɐ,All,bis-(t)li-,gall
সবাইকে,s̪ɔbaike,হগলডিরে,hɔgoldɪɾe,হক্কলরে,hokkolɾe,সবাইরে,ʃɔbɐ͡ɪ̯ɾe,বেকেরে,bekeɾe,বেয়াক্কুনর,beʲɐkkunɔɾ,All,bis-(t)li-,gall
সবে,s̪ɔbe,হবায়,hɔbɐe̯,মাত্র,mɐt̪ɾo,সবে,ʃɔbe,এলা,elɐ,বয়স,bɔʲoʃ,Barely,albhi-,barley
সমর্থন,s̪ɔmɔrt̪ʰɔn̪ɔ,সমর্থন,ʃɔmoɾt̪ʰɔn,সমর্থন,ʃɔmoɾt̪ʰɔn,সমর্থন,ʃɔmoɾt̪ʰɔn,সমর্থন,ʃɔmoɾt̪ʰɔn,সমর্তন,ʃɔmoɾt̪on,Support,5 rei-,to support
সমস্ত,s̪ɔmɔs̪t̪ɔ,হগল,hɔgol,বেছিয়া,becʰɪʲɐ,সমস্ত,ʃɔmost̪o,বেজ্ঞুন,beggun,সমস্ত,ʃɔmost̪o,All,bis-(t)li-,gall
সমান,s̪ɔman̪ɔ,সমান,ʃɔmɐn,সমান,ʃɔmɐn,সমান,ʃɔmɐn,সমান,ʃɔmɐn,সমান,ʃɔmɐn,Equal,u̯ortoko-,quail
সর্দি,s̪ɔrd̪i,কাশ,kɐʃ,কাশি,kɐʃɪ,সর্দি,ʃɔɾd̪ɪ,ধরি,d̪ʱoɾɪ,দরিয়েরে,ʃɔɾd̪ɪ,Cold,"oug-, ou-?",cold
আলো,al̪o,আলো,ɐlo,ফর্সা,pʰɔɾsɐ,আলো,ɐlo,আলো,ɐlo,আলো,ɐlo,Light,"neku̯-(t-), noku̯-t-s",night
আল্লাহর,al̪l̪ahɔrɔ,আল্লাহর,d̪ʱɐɾe,আল্লার,ɐllɐɾ,আল্লাহর,kɐʃe,আল্লার,ɐllɐɾ,দোয়া,d̪oʷɐ,God,u̯ē̆su-,good
ইংল্যান্ড,iŋl̪d͡zan̪dɔ,ইংল্যান্ড,ɪŋlɛnd,ইংল্যান্ড,ɪŋlɛnd,ইংল্যান্ড,ɪŋlɛnd,ইংল্যান্ড,ɪŋlɛnd,ইংল্যান্ডর,ɪŋlɛndɔɾ,England,ghelg̑h-,gland
উত্তম,ut̪t̪ɔmɔ,ভালো,bʱɐlo,ভালা,bʱɐlɐ,উত্তম,ut̪t̪om,লাউ,lɐ͡u̯,বালা,bɐlɐ,Good,u̯ē̆su-,good
উনার,un̪arɔ,হ্যার,hɛɾ,তানর,t̪ɐnoɾ,উনার,unɐɾ,হেতার,het̪ɐɾ,বউওরে,bɔ͡u̯oɾe,His,k̑e-,this
সাত,s̪at̪ɔ,সাত,ʃɐt̪,সাত,ʃɐt̪,সাত,ʃɐt̪,হাত,hɐt̪,ইবা,ɪbɐ,Seven,septm̥,seven
সিন্দুক,s̪in̪d̪ukɔ,সিন্দুক,ʃɪnd̪uk,সিন্দুক,ʃɪnd̪uk,সিন্দুক,ʃɪnd̪uk,সিন্দুক,ʃɪnd̪uk,সিন্দুক,ʃɪnd̪uk,Ark,ku̯sep-,dark
সিন্দুকের,s̪in̪d̪ukerɔ,সিন্দুকের,ʃɪnd̪ukeɾ,সিন্দুক,ʃɪnd̪uk,সিন্দুকের,ʃɪnd̪ukeɾ,সিন্দুকের,ʃɪnd̪ukeɾ,সিন্দুক,ʃɪnd̪uk,Ark,ku̯sep-,dark
সুন্দরই,s̪un̪d̪ɔri,হগলকিছু,hɔgolkɪcʰu,অউ,ɔ͡u̯,সুন্দরই,ʃund̪ɔɾɪ,সুন্দর,ʃund̪ɔɾ,এই,e͡ɪ̯,Good,u̯ē̆su-,good
সেই,s̪ei,হেই,he͡ɪ̯,হউ,hɔ͡u̯,আমি,ɐmɪ,হেই,he͡ɪ̯,অনুবুতি,onubut̪ɪ,That,"eno-, possibly e-no- : ono- : no- : -ne-",that
সেইটা,s̪eita,হেইডা,he͡ɪ̯dɐ,অটা,ɔtɐ,ওইডা,o͡ɪ̯dɐ,হেইটা,he͡ɪ̯tɐ,আন্য,ɐnno,That,"eno-, possibly e-no- : ono- : no- : -ne-",that
সেইটাই,s̪eitai,হেইডাই,he͡ɪ̯dɐ͡ɪ̯,তাও,t̪ɐ͡o̯,ওইডাই,o͡ɪ̯dɐ͡ɪ̯,হেইটাই,he͡ɪ̯tɐ͡ɪ̯,ইয়ানই,ɪʲɐnɪ,That,"eno-, possibly e-no- : ono- : no- : -ne-",that
সেটা,s̪eta,হেইডা,he͡ɪ̯dɐ,মানতাম,mɐnt̪ɐm,হেইডা,he͡ɪ̯dɐ,মাইনতাম,mɐ͡ɪ̯nt̪ɐm,মানি,mɐnɪ,That,"eno-, possibly e-no- : ono- : no- : -ne-",that
সেটাই,s̪etai,হেইডাই,he͡ɪ̯dɐ͡ɪ̯,করবো,koɾbo,হেইডাই,he͡ɪ̯dɐ͡ɪ̯,হেডাই,hedɐ͡ɪ̯,গরিবা,goɾɪbɐ,That,"eno-, possibly e-no- : ono- : no- : -ne-",that
সেটি,s̪eti,হেইডা,he͡ɪ̯dɐ,ওটা,otɐ,হেইডা,he͡ɪ̯dɐ,হেটা,hetɐ,ইয়ান,ɪʲɐn,That,"eno-, possibly e-no- : ono- : no- : -ne-",that
স্বপ্ন,s̪bɔpn̪ɔ,হপন,hɔpon,স্বপ্ন,ʃɔpno,স্বপ্ন,bɔɽo,স্বপ্ন,ʃɔpno,সফ্ন,ʃɔfno,Dream,oner-,dream
স্বপ্নটা,s̪bɔpn̪ɔta,স্বপনডা,ʃɔpondɐ,স্বপ্নটা,ʃɔpnotɐ,স্বপ্নডা,ʃɔpnodɐ,যে,ɟe,হত্তে,hɔt̪t̪e,Dream,oner-,dream
স্বপ্নের,s̪bɔpn̪erɔ,হপ্পনের,hɔpponeɾ,সফনর,ʃɔpʰnoɾ,মধ্যে,mod̪d̪ʱe,ভিতরে,bʱɪt̪ɔɾe,বেজ্ঞিন,beggɪn,Dreamy,oner-,dream
হইত,hit̪,হইতে,ho͡ɪ̯t̪e,লাগতো,lɐgt̪o,হইত,ho͡ɪ̯t̪o,লাইগতো,lɐ͡ɪ̯gɔt̪o,ফইত্তো,fo͡ɪ̯t̪t̪o,In,1 en,in
হতেই,hɔt̪ei,হইয়াই,ho͡ɪ̯ʲɐ͡ɪ̯,ওইতেউ,o͡ɪ̯t̪e͡u̯,হইতেই,ho͡ɪ̯t̪e͡ɪ̯,অইতেই,ɔ͡ɪ̯t̪e͡ɪ̯,অইয়েরে,ɔ͡ɪ̯ʲeɾe,In,1 en,in
হতো,hɔt̪o,হইতে,ho͡ɪ̯t̪e,মজা,mɔɟɐ,হইত,ho͡ɪ̯t̪o,খাওন,beʃɪ,অইতো,ɔ͡ɪ̯t̪o,Was,u̯obhsā,wasp
হয়ে,he̯e,হইয়া,ho͡ɪ̯ʲɐ,অই,ɔ͡ɪ̯,হয়া,hɔʲɐ,অই,ɔ͡ɪ̯,গেইয়্যুয়,ge͡ɪ̯ʲue̯,In,1 en,in
হয়েছিল,he̯et͡ɕʰil̪,বিরক্ত,bɪɾokt̪o,ওইছলায়,o͡ɪ̯cʰɔlɐe̯,হইসিল?,ho͡ɪ̯sɪl?,অইছিলো?,e͡ɪ̯cʰɪlo?,অইলে?,ɛ͡ɪ̯le?,Was,u̯obhsā,wasp
হয়েছিল,he̯et͡ɕʰil̪ɔ,হইছেলে,ho͡ɪ̯cʰele,অর,ɔɾ,হইসিল,ho͡ɪ̯sɪl,অইছিলো,e͡ɪ̯cʰɪlo,অর,ɔɾ,Was,u̯obhsā,wasp
হলে,hɔl̪e,হইলে,ho͡ɪ̯le,অইলে,ɛ͡ɪ̯le,হইলে,ho͡ɪ̯le,জানাজানি,ɟɐnɐɟɐnɪ,অইলে,ɛ͡ɪ̯le,In,1 en,in
হাত,hat̪ɔ,হাত,hɐt̪,হাত,hɐt̪,হাত,hɐt̪,গাত,gɐt̪,গাত,gɐt̪,Hand,"g̑hesor-, g̑hesr-",hand
হাতটা,hat̪ta,হাতটা,hɐt̪tɐ,হাত,hɐt̪,হাতটা,hɐt̪tɐ,হাত,hɐt̪,আত্তান,ɐt̪t̪ɐn,Hand,"g̑hesor-, g̑hesr-",hand
হাতের,hat̪erɔ,হাতের,hɐt̪eɾ,ওর,oɾ,হাতের,hɐt̪eɾ,হাতের,hɐt̪eɾ,আতর,ɐt̪oɾ,Hand,"g̑hesor-, g̑hesr-",hand
হাতড়ালেন,hat̪ɽal̪en̪,হাতাইছে,hɐt̪ɐ͡ɪ̯cʰe,তলা,t̪ɔlɐ,হাতড়াইসেন,hɐt̪ɽɐ͡ɪ̯sen,হাতড়াইলেন,hɐt̪ɽɐ͡ɪ̯len,হাতদিয়ি,hɐt̪d̪ɪʲɪ,Shake,3 su̯er-,stake
হারাবো,harabo,হারামু,hɐɾɐmu,হারাই,hɐɾɐ͡ɪ̯,হারায়াম,hɐɾɐʲɐm,ধরি,d̪ʱoɾɪ,আঁযি,ɐ̃zɪ,Loser,"lū̆s, genitive luu̯-ós",louse
হারায়,harae̯ɔ,হারাইয়া,hɐɾɐ͡ɪ̯ʲɐ,হারাই,hɐɾɐ͡ɪ̯,হারায়া,hɐɾɐʲɐ,আরাই,ɐɾɐ͡ɪ̯,গেয়্যুই,gekd̪ʱu͡ɪ̯,Losen,"lū̆s, genitive luu̯-ós",louse
হালকা,hal̪ka,হালকা,hɐlkɐ,থুরা,t̪ʰuɾɐ,হালকা,hɐlkɐ,হালকা,hɐlkɐ,এক্কানা,ɛkkɐnɐ,Light,"neku̯-(t-), noku̯-t-s",night
হাশির,haɕirɔ,হাশির,hɐʃɪɾ,হাশির,hɐʃɪɾ,হাসির,hɐʃɪɾ,হাসির,hɐʃɪɾ,হাশির,hɐʃɪɾ,Hamir,kais-,hair
হৃদয়,hɽid̪e̯ɔ,মোন,mon,দেখিয়া,d̪exɪʲɐ,হৃদয়,ɾɪd̪ɔe̯,হৃদয়,ɾɪd̪ɔe̯,দেহি,d̪ehɪ,Heart,"k̑ered- : k̑erd-, k̑ērd-, k̑r̥d-, k̑red-",heart
হৃদয়ের,hɽid̪e̯erɔ,মনের,moneɾ,মনের,moneɾ,মনের,moneɾ,হৃদয়ের,ɾɪd̪ɔʲeɾ,ভালা,vɐlɐ,Heart,"k̑ered- : k̑erd-, k̑ērd-, k̑r̥d-, k̑red-",heart
হেরে,here,যাইবে,ɟɐ͡ɪ̯be,হারিয়া,hɐɾɪʲɐ,হাইরা,hɐ͡ɪ̯ɾɐ,হারি,hɐɾɪ,ভালোবাসা,vɐlobɐʃɐ,Loser,"lū̆s, genitive luu̯-ós",louse
হোকনা,hokn̪a,হউক,hɔ͡u̯k,অউক,ɔ͡u̯k,হোকনা,hoknɐ,অকনা,ɔkonɐ,ওকএনা,okenɐ,No,nū̆-,now
হয়ে,he̯e,হইয়া,ho͡ɪ̯ʲɐ,হইয়া,ho͡ɪ̯ʲɐ,যায়,ɟɐe̯,ওই,o͡ɪ̯,অই,ɔ͡ɪ̯,In,1 en,in
হয়েও,he̯eo,হইয়াও,ho͡ɪ̯ʲɐ͡o̯,অইয়াও,ɔ͡ɪ̯ʲɐ͡o̯,হইয়াও,ho͡ɪ̯ʲɐ͡o̯,হয়েও,hoʲe͡o̯,অইয়েরেও,ɔ͡ɪ̯ʲeɾe͡o̯,Even,septm̥,seven
হয়েছিল,he̯et͡ɕʰil̪,হইছেলে,ho͡ɪ̯cʰele,অইছিল,e͡ɪ̯cʰɪlo,হইসিল,ho͡ɪ̯sɪl,ওইছে,o͡ɪ̯cʰe,অইয়ে,ɔ͡ɪ̯ʲe,Was,u̯obhsā,wasp
উপায়,upae̯ɔ,উপায়,upɐe̯,উফায়,upʰɐe̯,উপায়,upɐe̯,উপায়,upɐe̯,উফায়,upʰɐe̯,Way,sā̆lo-,wavy
উপায়,upae̯ɔ,উপায়,nɐ͡ɪ̯,উপায়,upɐe̯,উপায়,upɐe̯,উফায়,upʰɐe̯,দেহাইবর,d̪ehɐ͡ɪ̯bɔɾ,Way,sā̆lo-,wavy
উরাই,urai,উড়াই,uɽɐ͡ɪ̯,গুড্ডি,uɽɐ͡ɪ̯,উরাই,uɾɐ͡ɪ̯,উড়াই,uɽɐ͡ɪ̯,উরাই,uɾɐ͡ɪ̯,Fetish,"peisk-, pisk-",fish
এ,e,এই,e͡ɪ̯,অউ,ɔ͡u̯,এ,e,এ,e,এই,e͡ɪ̯,This,k̑e-,this
এই,ei,এই,e͡ɪ̯,এই,e͡ɪ̯,এই,e͡ɪ̯,এই,e͡ɪ̯,এই,e͡ɪ̯,This,k̑e-,this
এইটা,eita,এইডা,e͡ɪ̯dɐ,ইকটা,ɪktɐ,এইডা,e͡ɪ̯dɐ,এইটা,e͡ɪ̯tɐ,ইয়ান,ɪʲɐn,This,k̑e-,this
এইটাই,eitai,এইডাই,e͡ɪ̯dɐ͡ɪ̯,অখটাউ,ɔkʰtɐ͡u̯,এইডাই,e͡ɪ̯dɐ͡ɪ̯,এইডাই,e͡ɪ̯dɐ͡ɪ̯,ইয়ানি,ɪʲɐnɪ,This,k̑e-,this
এইটুকু,eituku,এউডু,e͡u̯du,থাখলে,t̪ʰɐkʰle,এইটুকু,e͡ɪ̯tuku,এদ্দুর,ed̪d̪uɾ,উফকার,ufkɐɾ,This,k̑e-,this
এক,ekɔ,এক,ɛk,এক,ɛk,এক,ɛk,এক,ɛk,এক,ɛk,One,ast(h)-,bone
একজন,ekɔd͡ʑɔn̪ɔ,এউক্কা,e͡u̯kkɐ,একজন,ɛkɟon,একটা,ɛktɐ,বেডি,bedɪ,একজন,ɛkzon,One,ast(h)-,bone
একজনকে,ekɔd͡ʑɔn̪ɔke,একজনরে,ɛkɟonɾe,একজনকে,ɛkɟonke,একজনরে,ɛkɟonɾe,আরেকগা,ɐɾekgɐ,গরিয়েরে,goɾɪʲeɾe,One,ast(h)-,bone
একজনের,ekɔd͡ʑɔn̪erɔ,এউক্কা,ɛ͡u̯kkɐ,একগুর,ɛkguɾ,একজনের,ɛkɟoneɾ,এগগার,ɛggɐɾ,ইতার,ɪt̪ɐɾ,One,ast(h)-,bone
একটা,ekta,এউক্কা,e͡u̯kkɐ,এক,ɛk,একটা,bʱɐlɐ,এক,ɛk,উওজ্ঞা,u͡o̯ggɐ,One,ast(h)-,bone
একটাই,ektai,এউক্কাই,ɛ͡u̯kkɐ͡ɪ̯,খতা,xɔt̪ɐ,একটাই,ɛktɐ͡ɪ̯,এককান,ɛkkɐn,এক্কানই,ɛkkɐnɪ,One,ast(h)-,bone
একাই,ekai,একলাই,ɛklɐ͡ɪ̯,এখলাউ,ekʰlɐ͡u̯,একলাই,ɛklɐ͡ɪ̯,একলাই,ɛklɐ͡ɪ̯,হাসফাতালত,hɐʃfɐt̪ɐlɔt̪o,Alone,"1 kai-, kai-u̯o-, kai-u̯elo-",alone
একে,eke,একজন,ɛkɟon,এখজন,ɛkʰoɟɔn,একে,eke,হেমে,heme,সময়,ʃɔmɔe̯,One,ast(h)-,bone
একেক,ekekɔ,এলাকার,elɐkɐɾ,এখত,exot̪o,একেক,ɛkek,একেক,ɛkek,এক,ɛk,One,ast(h)-,bone
একের,ekerɔ,এউক্কার,ɛ͡u̯kkɐɾ,এখটার,extɐɾ,একের,ɛkeɾ,হরে,hoɾe,একের,ɛkeɾ,One,ast(h)-,bone
এখন,ekʰɔn̪ɔ,এহন,ehon,এখন,ɛkʰon,এখন,ɛkʰon,অন,ɔn,এহন,ehon,Now,nū̆-,now
এখন?,ekʰɔn̪ɔ?,এহন?,ehon?,ওখন?,okʰon?,এহন?,ehon?,অন?,ɔn?,অনে,ɔne,Now?,nū̆-,now
এখনও,ekʰn̪o,এহনো,ehono,এখনও,ɛkʰono,এখহনো,ekʰɔhono,অনো,ɔno,আইযো,ɐ͡ɪ̯zo,Still,ghom-,stall
এনেছে,en̪et͡ɕʰe,আনছে,ɐncʰe,আনছইন,ɐncʰɪn,আনসে,ɐnoʃe,কার,kɐɾ,কিনি,kɪnɪ,Bring,"moz-g-o-, moz-g-en-, mos-k-o-",brain
এবং,ebɔŋ,আর,ɐɾ,এবং,eboŋ,আর,ɐɾ,আর,ɐɾ,এবং,eboŋ,And,2 kai,and
এরপর,erɔpɔrɔ,হেইয়ার,he͡ɪ̯ʲɐɾ,এর,eɾ,এরপর,eɾpɔɾ,এরহর,eɾhoɾ,এরফর,eɾfɔɾ,After,1 *u̯ep- : u̯ō̆p- : up-,water
ওই,oi,ওই,o͡ɪ̯,ওই,o͡ɪ̯,ওই,o͡ɪ̯,অই,ɔ͡ɪ̯,হালা,hɐlɐ,That,"eno-, possibly e-no- : ono- : no- : -ne-",that
ওইটা,oita,অইডা,ɔ͡ɪ̯dɐ,হতা,hɔt̪ɐ,ওইডা,o͡ɪ̯dɐ,ওইডা,o͡ɪ̯dɐ,ইবা,ɪbɐ,That,"eno-, possibly e-no- : ono- : no- : -ne-",that
ওকে,oke,অরে,ɔɾe,তারে,t̪ɐɾe,ওরে,oɾe,ওরে,oɾe,ফেলাইয়ে,felɐ͡ɪ̯ʲe,OK,2 aig-,oak
ওটা,ota,অউজ্ঞা,ɔ͡u̯ggɐ,ধরি,d̪ʱoɾɪ,ওইডা,o͡ɪ̯dɐ,হিয়ান,hɪʲɐn,দরিয়েরে,d̪oɾɪʲeɾe,That,"eno-, possibly e-no- : ono- : no- : -ne-",that
ওতো,ot̪o,অতো,ɔt̪o,অতো,ɔt̪o,ওতো,ot̪o,ওতো,ot̪o,এইল্লে,e͡ɪ̯lle,That,"eno-, possibly e-no- : ono- : no- : -ne-",that
কঠিন,kɔtʰin̪,কঠিন,kotʰɪn,কঠিন,kotʰɪn,কঠিন,kotʰɪn,কডিন,kodɪn,হাম,hɐm,Hard,"3 kar-, reduplicated karkar-",hard
কঠিন,kɔtʰin̪ɔ,কঠিন,kotʰɪn,কঠিন,kotʰɪn,কঠিন,kotʰɪn,কডিন,kodɪn,কঠিন,kotʰɪn,Hard,"3 kar-, reduplicated karkar-",hard
কথাও,kɔt̪ʰao,কথাও,kɔt̪ʰɐ͡o̯,মাতও,mɐt̪o,কথাও,kɔt̪ʰɐ͡o̯,এককান,ɛkkɐn,এক্কান,ɛkkɐn,Even,septm̥,seven
কথাটা,kɔt̪ʰata,কথাডা,kɔt̪ʰɐdɐ,খতা,xɔt̪ɐ,কথাডা,kɔt̪ʰɐdɐ,কতাগা,kɔt̪ɐgɐ,হতায়ান,hɔt̪ɐʲɐn,Words,n̥si-s,sword
কথাটি,kɔt̪ʰati,কথাডা,kɔt̪ʰɐdɐ,কথাটি,kɔt̪ʰɐtɪ,কথাডা,kɔt̪ʰɐdɐ,কন,kon,ইবা,ɪbɐ,Words,n̥si-s,sword
কথার,kɔt̪ʰarɔ,কথার,kɔt̪ʰɐɾ,মাতর,mɐt̪oɾ,কথার,kɔt̪ʰɐɾ,কথার,kɔt̪ʰɐɾ,হথার,hɔt̪ʰɐɾ,Words,n̥si-s,sword
কন্যা,kɔn̪d͡za,মাইয়া,mɐ͡ɪ̯ʲɐ,কইন্না,ko͡ɪ̯nnɐ,মাইয়া,mɐ͡ɪ̯ʲɐ,কইন্যা,ko͡ɪ̯nnɐ,মাইয়া,mɐ͡ɪ̯ʲɐ,Daughter,dhug(h)əter-,daughter
কন্যাকে,kɔn̪d͡zake,মাইয়া,mɐ͡ɪ̯ʲɐ,ফুড়িরে,pʰuɽɪɾe,মাইয়ারে,mɐ͡ɪ̯ʲɐɾe,মাইয়া,mɐ͡ɪ̯ʲɐ,মাইয়্যারে,mɐ͡ɪ̯ʲzɐɾe,Daughter,dhug(h)əter-,daughter
কন্যার,kɔn̪d͡zarɔ,মুখের,mukʰeɾ,মোর,pʰuɽɪɾ,মাইয়ার,mɐ͡ɪ̯ʲɐɾ,কন্যার,konnɐɾ,মাইয়্যার,mukoɾ,Daughter,dhug(h)əter-,daughter
কন্সিডার,kɔn̪s̪idarɔ,কন্সিডার,kɔnsɪdɐɾ,কন্সিডার,kɔnʃɪdɐɾ,কন্সিডার,kɔnsɪdɐɾ,কন্সিডার,kɔnsɪdɐɾ,হন্সিডার,hɔnsɪdɐɾ,Consider,ok-,to consider
করতে,kɔrɔt̪e,করতে,koɾt̪e,করতে,koɾt̪e,করতে,koɾt̪e,কইরতে,ko͡ɪ̯ɾt̪e,গইত্তাম,gɪt̪t̪ɐm,To do,i̯ā-,to go
করতেসে,kɔrɔt̪es̪e,চাইতেয়াছে,cɐ͡ɪ̯t̪eʲɐcʰe,করের,kɔɾeɾ,করতেসে,koɾt̪eʃe,কইরতাছে,ko͡ɪ̯ɾot̪ɐcʰe,মনে,mone,To do,i̯ā-,to go
করবে,kɔrɔbe,করবেনা,koɾbenɐ,করতো,koɾt̪o,করবা,koɾbɐ,বিয়া,bɪʲɐ,শুরু,ʃuɾu,Willing,gu̯et-,swelling
কসম,kɔs̪ɔmɔ,কিরা,kɪɾɐ,কছম,kɔcʰom,কসম,kɔʃɔm,কসম,kɔʃɔm,হসম,hɔʃom,Oath,"2 leugh-, lugh-",oath
কাছ,kat͡ɕʰɔ,ধারে,d̪ʱɐɾe,কান্দা,kɐnd̪ɐ,কাছ,kɐcʰ,কাছেের,kɐcʰeɾ,হাচ,hɐc,Close,"lū̆s, genitive luu̯-ós",louse
কাছে,kat͡ɕʰe,ধারে,d̪ʱɐɾe,কাছে,kɐcʰe,কাসে,kɐʃe,কাছে,kɐcʰe,হাচে,hɐce,Near,2 ōus- : əus- : us-,ear
কাজী,kad͡ʑi,কাজী,kɐɟɪ,কাজী,kɐzɪ,কাজী,kɐɟɪ,কাজী,kɐɟɪ,হাজি,hɐzɪ,Kin,tu̯akos,skin
কাজে,kad͡ʑe,কামে,kɐme,কামও,kɐmo,কামে,kɐme,কামে,kɐme,হাম,hɐm,At work,"derə-, drā-",to work
কান,kan̪ɔ,কান,kɐn,গুটা,gutɐ,কান,kɐn,কান,kɐn,হান,hɐn,Ear,2 ōus- : əus- : us-,ear
কিনতে,kin̪t̪e,কেনতে,kent̪e,কিনতে,kɪnt̪e,কিনতা,kɪnt̪ɐ,ক্যিনতে,kɛ͡ɪ̯nt̪e,কিনিত,kɪnɪt̪o,To buy,ku̯rei-,to buy
কুড়ালটি,kuɽal̪ti,কুড়ালডা,kuɽɐldɐ,কুড়াল,kuɽɐl,কুড়ালডা,kuɽɐldɐ,কুড়ালগা,kuɽɐlgɐ,কুরইল্লান,kuɾɪllɐn,Ax,"agu̯(e)sī, aksī",axe
খবর,kʰɔbɔrɔ,খবর,kʰɔboɾ,খবর,kʰɔboɾ,খবর,kʰɔboɾ,খবর,kʰɔboɾ,হোবর,hoboɾ,News,"neu̯os, neu̯i̯os",new
খাও,kʰao,খাও,kʰɐ͡o̯,খাও,kʰɐ͡o̯,খাও,kʰɐ͡o̯,খো,kʰo,হ,ho,Eat,"3 kā̆i-, kī̆-",heat
খাও?,kʰao?,খাও?,kʰɐ͡o̯?,খাও,kʰɐ͡o̯,খাও?,kʰɐ͡o̯?,খাও,kʰɐ͡o̯,হোনা?,honɐ?,Eat,"3 kā̆i-, kī̆-",heat
খাওয়া,kʰaoe̯a,খাওয়া,kʰɐ͡o̯ʷɐ,খাওয়া,kʰɐ͡o̯ʷɐ,খাওয়ন,kʰɐ͡o̯ʲon,খান,ɟɐe̯,হাওয়া,hɐ͡o̯ʷɐ,Eat,"3 kā̆i-, kī̆-",heat
খাওয়া,kʰaoe̯a,খাওয়া,kʰɐ͡o̯ʷɐ,খাওয়া,kʰɐ͡o̯ʷɐ,খাওয়া,kʰɐ͡o̯ʷɐ,খাওয়া,kʰɐ͡o̯ʷɐ,হাদে,hɐd̪e,Eat,"3 kā̆i-, kī̆-",heat
খাবা,kʰaba,রাইতে,ɾɐ͡ɪ̯t̪e,না,nɐ,খাইতা,kʰɐ͡ɪ̯t̪ɐ,খাইতি,xɐ͡ɪ̯t̪ɪ,কা,kɐ,Eat,"3 kā̆i-, kī̆-",heat
খামারের,kʰamarerɔ,খামারের,kʰɐmɐɾeɾ,খামারর,kʰɐmɐɾoɾ,খামারের,kʰɐmɐɾeɾ,খামারের,kʰɐmɐɾeɾ,হামারর,hɐmɐɾoɾ,Farm,dous-,arm
খায়,kʰae̯ɔ,খায়,kʰɐe̯,খাইয়া,kʰɐ͡ɪ̯ʲɐ,খায়,kʰɐe̯,খায়,kʰɐe̯,খাইয়েরে,xɐ͡ɪ̯ʲeɾe,Eat,"3 kā̆i-, kī̆-",heat
খালামুনিই,kʰal̪amun̪ii,খালাই,kʰɐlɐ͡ɪ̯,খালামণি,kʰɐlɐmonɪ,খালামুনিই,kʰɐlɐmunɪ͡ɪ̯,খালাই,kʰɐlɐ͡ɪ̯,হালামুনি,hɐlɐmunɪ,Crooked,pando-s,crooked
খালামুনির,kʰal̪amun̪irɔ,খালার,kʰɐlɐɾ,খালাম্মার,kʰɐlɐmmɐɾ,খালামুনির,kʰɐlɐmunɪɾ,বাসাত,bɐʃɐt̪,আজিয়া,ɐzɪʲɐ,Crooked,pando-s,crooked
খায়,kʰae̯,খায়,kʰɐe̯,খায়,kʰɐe̯,খায়,kʰɐe̯,খায়,kʰɐe̯,হাদে,hɐd̪e,Eat,"3 kā̆i-, kī̆-",heat
খায়,kʰae̯ɔ,খায়,kʰɐe̯,খায়,kʰɐe̯,খায়,kʰɐe̯,খায়,kʰɐe̯,বিরি,bɪɾɪ,Eat,"3 kā̆i-, kī̆-",heat
খেতে,kʰet̪e,খাইতে,kʰɐ͡ɪ̯t̪e,ভাত,bʱɐt̪,খাইতে,kʰɐ͡ɪ̯t̪e,খাইতো,kʰɐ͡ɪ̯t̪o,ভাত,vɐt̪,Eat,"3 kā̆i-, kī̆-",heat
খেয়েছিল?,kʰee̯et͡ɕʰil̪ɔ?,খাইল্লে?,kʰɐ͡ɪ̯lle?,কে,ke,খাইসিল?,kʰɐ͡ɪ̯sɪl?,খাইছিলো,kʰɐ͡ɪ̯cʰɪlo?,হন,hɔn,Eat,"3 kā̆i-, kī̆-",heat
খোঁজ,kʰoঁd͡ʑɔ,খোঁজ,kʰõɟ,খোজ,kʰoɟ,খোঁজ,kʰõɟ,খোঁজ,kʰõɟ,হোয,hoz,Search,4 reu-,to search
গতকাল,ɡɔt̪ɔkal̪ɔ,গ্যাছেকাইল,gɛcʰekɐ͡ɪ̯l,গতকাল,gɔt̪okɐl,গতকালকে,gɔt̪okɐlɔke,আরে,ɐɾe,গতহালিয়া,gɔt̪ohɐlɪʲɐ,Yesterday,"g̑hði̯és, zero-grade g̑hðis, simplified to g̑hðés, g̑hi̯és, g̑hés",yesterday
গরু,ɡɔru,লাল,lɐl,লাল,lɐl,গরু,goɾu,গরু,goɾu,গরু,goɾu,Cows,lāp-,cow
গাই,ɡai,গাই,gɐ͡ɪ̯,গাই,gɐ͡ɪ̯,গাই,gɐ͡ɪ̯,গাই,gɐ͡ɪ̯,গাই,gɐ͡ɪ̯,Singer,gu̯is-ti-s,finger
গাও,ɡao,গাও,gɐ͡o̯,গাও,gɐ͡o̯,গাও,gɐ͡o̯,গাস,cɐ͡ɪ̯ʃʃɐ,গ,go,Singer,gu̯is-ti-s,finger
গাছ,ɡat͡ɕʰ,গাছ,gɐcʰ,গাছ,gɐcʰ,গাছ,gɐcʰ,গাছ,gɐcʰ,গাস,gɐʃ,Tree,"nogu̯o-, or nagu̯o-",tree
গাছ,ɡat͡ɕʰɔ,গাছ,gɐcʰ,গাছ,gɐcʰ,গাছ,gɐcʰ,গাস,gɐʃ,হাছ,hɐcʰ,Tree,"nogu̯o-, or nagu̯o-",tree
গাছগুলোর,ɡat͡ɕʰɡul̪orɔ,গাছগুলানের,gɐcʰgulɐneɾ,গাছ,gɐcʰ,গাছগুলার,gɐcʰgulɐɾ,গাছগুনের,gɐcʰguneɾ,গাছ,gɐcʰ,Trees,"nogu̯o-, or nagu̯o-",tree
গাছে,ɡat͡ɕʰe,গাছে,gɐcʰe,গাছে,gɐcʰe,গাসে,gɐʃe,গাসে,gɐʃe,গাসত,gɐʃt̪o,Trees,"nogu̯o-, or nagu̯o-",tree
গান,ɡan̪ɔ,গান,gɐn,গান,gɐn,গান,gɐn,গান,gɐn,গান,gɐn,Song,2 bel-,strong
গানগুলো,ɡan̪ɡul̪o,গানগুলা,gɐngulɐ,গান,gɐn,গানগুলাই,gɐngulɐ͡ɪ̯,গানগুন,gɐngun,গান,gɐn,Song,2 bel-,strong
গানটা,ɡan̪ta,গানডা,gɐndɐ,লাগে,lɐge,গানডা,gɐndɐ,গান,gɐn,গানইবা,gɐnɪbɐ,Song,2 bel-,strong
গানটার,ɡan̪tarɔ,গানডার,gɐndɐɾ,গানগুতার,gɐngut̪ɐɾ,গানটার,gɐntɐɾ,গানটার,gɐntɐɾ,গানইবার,gɐnɪbɐɾ,Singer,gu̯is-ti-s,finger
গানটি,ɡan̪ti,গানডা,gɐndɐ,গানটি,gɐntɪ,গানডা,gɐndɐ,ইগা,ɪgɐ,ইবা,ɪbɐ,Song,2 bel-,strong
গায়ক,ɡae̯ɔkɔ,গায়োক,gɐʲok,কোন,kon,গায়ক,gɐʲok,গায়ক,gɐʲok,গায়ক,gɐʲok,Singer,gu̯is-ti-s,finger
গিয়েছিলেন,ɡie̯et͡ɕʰil̪en̪,গ্যাল্লেহ,gɛlleh,গেছলা,gecʰolɐ,গেসিল,gesɪlo,গেছিলেন,gecʰɪlen,গিয়ে,gɪʲe,Went,"2 melk-, melg-",wet
গুছিয়ে,ɡut͡ɕʰie̯e,গুছাইয়া,gucʰɐ͡ɪ̯ʲɐ,গুঁজিতে,gũɟɪt̪e,গুছায়া,gucʰɐʲɐ,গোছাই,gocʰɐ͡ɪ̯,ঘুছায়,gʱucʰɐe̯,In,1 en,in
গেলে,ɡel̪e,গ্যালে,ɔnek,গেলে,gele,গেলে,gele,গেলে,gele,ত,ge͡ɪ̯le,In,1 en,in
গেলেও,ɡel̪eo,গেলেও,gele͡o̯,গেলো,gelo,গেলেও,gele͡o̯,বাইচ্চাগার,bɐ͡ɪ̯ccɐgɐɾ,গিয়িলেও,gɪʲɪle͡o̯,Even,septm̥,seven
গ্লাস,ɡɔl̪as̪ɔ,গেলাস,gelɐʃ,গ্লাস,glɐs,গ্লাস,glɐs,গ্লাস,glɐs,গ্লাস,glɐs,Glass,k̑oi-no-,grass
ঘটনা,̤ɡ̤ɔtɔn̪a,কাহিনি,kɐhɪnɪ,ইগুর,ɪguɾ,ঘটনা,gʱɔtonɐ,হোলা,holɐ,ঘটনা,gʱɔtonɐ,Event,septm̥,seven
ঘটনার,̤ɡ̤ɔtɔn̪arɔ,কাহিনি,kɐhɪnɪ,ঘটনা,gʱɔtonɐ,ঘটনা,gʱɔtonɐ,ঘটনা,gʱɔtonɐ,ফোয়া,foʷɐ,Event,septm̥,seven
ঘন,̤ɡ̤ɔn̪ɔ,ঘন,gʱɔno,ঘন,gʱɔno,ঘন,gʱɔno,ঘন,gʱɔno,আসা,ɐʃɐ,Dense,2 dens-,dense
ঘরটি,̤ɡ̤ɔrɔti,ঘরডা,gʱɔɾdɐ,ঘরটা,gʱɔɾtɐ,ঘরডা,gʱɔɾdɐ,ঘর,gʱɔɾ,ঘর,gʱɔɾ,House,ek̑u̯o-s,horse
ঘরবাড়ী,̤ɡ̤ɔrɔbaɽi,বাসাবাড়ি,bɐʃɐbɐɽɪ,ঘরবাড়ি,gʱɔɾbɐɽɪ,বেক,bek,ঘরবাড়ি,gʱɔɾbɐɽɪ,বারি,bɐɾɪ,House,ek̑u̯o-s,horse
ঘরে,̤ɡ̤ɔre,তুমি,t̪umɪ,ঘরো,gʱɔɾo,ফিরবা,pʰɪɾbɐ,তুই,t̪u͡ɪ̯,গর,gɔɾ,House,ek̑u̯o-s,horse
ঘরের,̤ɡ̤ɔrerɔ,বাড়ির,bɐɽɪɾ,ঘরের,gʱɔɾeɾ,ঘরের,gʱɔɾeɾ,ঘরের,gʱɔɾeɾ,গরর,gɔɾoɾ,House,ek̑u̯o-s,horse
ঘাসের,̤ɡ̤as̪erɔ,ঘাসের,gʱɐʃeɾ,একগু,ɛkgu,ঘাসের,gʱɐʃeɾ,ঘাসের,gʱɐʃeɾ,কেরঅর,keɾɔɾ,Grass,k̑oi-no-,grass
ঘোড়া,̤ɡ̤oɽa,মানেরা,mɐneɾɐ,ঘোড়া,gʱoɽɐ,ঘোড়া,gʱoɽɐ,আর,ɐɾ,তারা,t̪ɐɾɐ,Horse,ek̑u̯o-s,horse
